station_name,date,hour,temperature,wind_direction,wind_km/h,precipitation_mm,location
AEROPARQUE,23/OCT/2022,00Hs,10.4,151,9,0.0,-34.57 -58.42
AEROPARQUE,23/OCT/2022,03Hs,8.7,168,6,0.0,-34.57 -58.42
AEROPARQUE,23/OCT/2022,06Hs,10.4,163,9,0.1,-34.57 -58.42
AEROPARQUE,23/OCT/2022,09Hs,15.0,93,10,0.1,-34.57 -58.42
AEROPARQUE,23/OCT/2022,12Hs,18.1,111,11,0.0,-34.57 -58.42
AEROPARQUE,23/OCT/2022,15Hs,17.8,126,15,0.0,-34.57 -58.42
AEROPARQUE,23/OCT/2022,18Hs,15.6,122,16,0.0,-34.57 -58.42
AEROPARQUE,23/OCT/2022,21Hs,13.9,107,14,0.0,-34.57 -58.42
AZUL_AERO,23/OCT/2022,00Hs,4.1,71,12,0.0,-36.83 -59.88
AZUL_AERO,23/OCT/2022,03Hs,2.0,43,10,0.0,-36.83 -59.88
AZUL_AERO,23/OCT/2022,06Hs,1.6,37,9,0.0,-36.83 -59.88
AZUL_AERO,23/OCT/2022,09Hs,10.3,37,15,0.0,-36.83 -59.88
AZUL_AERO,23/OCT/2022,12Hs,17.7,19,22,0.0,-36.83 -59.88
AZUL_AERO,23/OCT/2022,15Hs,21.3,15,21,0.0,-36.83 -59.88
AZUL_AERO,23/OCT/2022,18Hs,20.9,20,21,0.0,-36.83 -59.88
AZUL_AERO,23/OCT/2022,21Hs,13.3,58,16,0.0,-36.83 -59.88
BAHIA_BLANCA_AERO,23/OCT/2022,00Hs,5.7,32,16,0.0,-38.72 -62.17
BAHIA_BLANCA_AERO,23/OCT/2022,03Hs,5.4,7,15,0.0,-38.72 -62.17
BAHIA_BLANCA_AERO,23/OCT/2022,06Hs,4.6,355,15,0.0,-38.72 -62.17
BAHIA_BLANCA_AERO,23/OCT/2022,09Hs,12.2,8,18,0.0,-38.72 -62.17
BAHIA_BLANCA_AERO,23/OCT/2022,12Hs,19.1,350,21,0.0,-38.72 -62.17
BAHIA_BLANCA_AERO,23/OCT/2022,15Hs,22.9,348,27,0.0,-38.72 -62.17
BAHIA_BLANCA_AERO,23/OCT/2022,18Hs,23.1,352,24,0.0,-38.72 -62.17
BAHIA_BLANCA_AERO,23/OCT/2022,21Hs,15.2,18,19,0.0,-38.72 -62.17
BARILOCHE_AERO,23/OCT/2022,00Hs,5.3,299,10,0.0,-41.15 -71.17
BARILOCHE_AERO,23/OCT/2022,03Hs,4.6,303,12,0.0,-41.15 -71.17
BARILOCHE_AERO,23/OCT/2022,06Hs,2.8,297,13,0.0,-41.15 -71.17
BARILOCHE_AERO,23/OCT/2022,09Hs,4.8,294,14,0.0,-41.15 -71.17
BARILOCHE_AERO,23/OCT/2022,12Hs,9.5,302,19,0.0,-41.15 -71.17
BARILOCHE_AERO,23/OCT/2022,15Hs,11.2,295,22,0.0,-41.15 -71.17
BARILOCHE_AERO,23/OCT/2022,18Hs,10.0,292,23,0.0,-41.15 -71.17
BARILOCHE_AERO,23/OCT/2022,21Hs,5.3,294,19,0.0,-41.15 -71.17
BENITO_JUAREZ_AERO,23/OCT/2022,00Hs,3.4,54,16,0.0,-37.7 -59.78
BENITO_JUAREZ_AERO,23/OCT/2022,03Hs,2.6,16,17,0.0,-37.7 -59.78
BENITO_JUAREZ_AERO,23/OCT/2022,06Hs,1.2,1,14,0.0,-37.7 -59.78
BENITO_JUAREZ_AERO,23/OCT/2022,09Hs,10.5,0,20,0.0,-37.7 -59.78
BENITO_JUAREZ_AERO,23/OCT/2022,12Hs,17.1,7,24,0.0,-37.7 -59.78
BENITO_JUAREZ_AERO,23/OCT/2022,15Hs,20.4,1,24,0.0,-37.7 -59.78
BENITO_JUAREZ_AERO,23/OCT/2022,18Hs,19.4,7,21,0.0,-37.7 -59.78
BENITO_JUAREZ_AERO,23/OCT/2022,21Hs,11.9,25,16,0.0,-37.7 -59.78
BERNARDO_DE_IRIGOYEN_AERO,23/OCT/2022,00Hs,12.3,140,7,0.0,-26.28 -53.67
BERNARDO_DE_IRIGOYEN_AERO,23/OCT/2022,03Hs,11.5,139,7,0.0,-26.28 -53.67
BERNARDO_DE_IRIGOYEN_AERO,23/OCT/2022,06Hs,10.8,147,6,0.0,-26.28 -53.67
BERNARDO_DE_IRIGOYEN_AERO,23/OCT/2022,09Hs,18.9,127,4,0.0,-26.28 -53.67
BERNARDO_DE_IRIGOYEN_AERO,23/OCT/2022,12Hs,23.1,204,5,0.0,-26.28 -53.67
BERNARDO_DE_IRIGOYEN_AERO,23/OCT/2022,15Hs,22.8,194,8,0.0,-26.28 -53.67
BERNARDO_DE_IRIGOYEN_AERO,23/OCT/2022,18Hs,18.2,165,7,0.0,-26.28 -53.67
BERNARDO_DE_IRIGOYEN_AERO,23/OCT/2022,21Hs,14.2,150,7,0.0,-26.28 -53.67
BOLIVAR_AERO,23/OCT/2022,00Hs,4.8,1,9,0.0,-36.18 -61.07
BOLIVAR_AERO,23/OCT/2022,03Hs,2.9,18,10,0.0,-36.18 -61.07
BOLIVAR_AERO,23/OCT/2022,06Hs,2.2,49,12,0.0,-36.18 -61.07
BOLIVAR_AERO,23/OCT/2022,09Hs,11.4,38,19,0.0,-36.18 -61.07
BOLIVAR_AERO,23/OCT/2022,12Hs,18.4,21,23,0.0,-36.18 -61.07
BOLIVAR_AERO,23/OCT/2022,15Hs,22.3,16,22,0.0,-36.18 -61.07
BOLIVAR_AERO,23/OCT/2022,18Hs,22.2,26,21,0.0,-36.18 -61.07
BOLIVAR_AERO,23/OCT/2022,21Hs,14.2,57,16,0.0,-36.18 -61.07
BUENOS_AIRES,23/OCT/2022,00Hs,5.9,122,8,0.0,-34.58 -58.48
BUENOS_AIRES,23/OCT/2022,03Hs,5.3,126,7,0.0,-34.58 -58.48
BUENOS_AIRES,23/OCT/2022,06Hs,4.6,138,9,0.0,-34.58 -58.48
BUENOS_AIRES,23/OCT/2022,09Hs,13.5,108,11,0.0,-34.58 -58.48
BUENOS_AIRES,23/OCT/2022,12Hs,19.8,54,16,0.0,-34.58 -58.48
BUENOS_AIRES,23/OCT/2022,15Hs,21.2,55,19,0.0,-34.58 -58.48
BUENOS_AIRES,23/OCT/2022,18Hs,18.5,54,19,0.0,-34.58 -58.48
BUENOS_AIRES,23/OCT/2022,21Hs,12.2,80,16,0.0,-34.58 -58.48
CATAMARCA_AERO,23/OCT/2022,00Hs,14.8,57,17,0.0,-28.6 -65.75
CATAMARCA_AERO,23/OCT/2022,03Hs,13.2,40,15,0.0,-28.6 -65.75
CATAMARCA_AERO,23/OCT/2022,06Hs,12.8,50,12,0.0,-28.6 -65.75
CATAMARCA_AERO,23/OCT/2022,09Hs,18.1,12,7,0.0,-28.6 -65.75
CATAMARCA_AERO,23/OCT/2022,12Hs,24.4,68,9,0.0,-28.6 -65.75
CATAMARCA_AERO,23/OCT/2022,15Hs,27.9,69,23,0.0,-28.6 -65.75
CATAMARCA_AERO,23/OCT/2022,18Hs,25.4,52,30,0.0,-28.6 -65.75
CATAMARCA_AERO,23/OCT/2022,21Hs,20.7,37,16,0.0,-28.6 -65.75
CERES_AERO,23/OCT/2022,00Hs,11.7,148,12,0.0,-29.88 -61.93
CERES_AERO,23/OCT/2022,03Hs,10.4,129,17,0.0,-29.88 -61.93
CERES_AERO,23/OCT/2022,06Hs,9.0,105,14,0.0,-29.88 -61.93
CERES_AERO,23/OCT/2022,09Hs,14.4,86,18,0.0,-29.88 -61.93
CERES_AERO,23/OCT/2022,12Hs,18.5,74,14,0.0,-29.88 -61.93
CERES_AERO,23/OCT/2022,15Hs,23.5,64,14,0.0,-29.88 -61.93
CERES_AERO,23/OCT/2022,18Hs,23.6,57,18,0.0,-29.88 -61.93
CERES_AERO,23/OCT/2022,21Hs,17.6,89,16,0.0,-29.88 -61.93
CHAMICAL_AERO,23/OCT/2022,00Hs,15.4,78,29,0.0,-30.35 -66.3
CHAMICAL_AERO,23/OCT/2022,03Hs,12.3,96,18,0.0,-30.35 -66.3
CHAMICAL_AERO,23/OCT/2022,06Hs,11.3,102,18,0.0,-30.35 -66.3
CHAMICAL_AERO,23/OCT/2022,09Hs,15.2,91,22,0.0,-30.35 -66.3
CHAMICAL_AERO,23/OCT/2022,12Hs,22.0,65,29,0.0,-30.35 -66.3
CHAMICAL_AERO,23/OCT/2022,15Hs,25.9,74,29,0.0,-30.35 -66.3
CHAMICAL_AERO,23/OCT/2022,18Hs,25.7,66,33,0.0,-30.35 -66.3
CHAMICAL_AERO,23/OCT/2022,21Hs,20.7,96,23,0.0,-30.35 -66.3
CHAPELCO_AERO,23/OCT/2022,00Hs,8.9,293,10,0.0,-40.08 -71.15
CHAPELCO_AERO,23/OCT/2022,03Hs,7.0,286,10,0.0,-40.08 -71.15
CHAPELCO_AERO,23/OCT/2022,06Hs,5.1,294,10,0.0,-40.08 -71.15
CHAPELCO_AERO,23/OCT/2022,09Hs,7.3,299,10,0.0,-40.08 -71.15
CHAPELCO_AERO,23/OCT/2022,12Hs,14.8,290,23,0.0,-40.08 -71.15
CHAPELCO_AERO,23/OCT/2022,15Hs,15.9,282,32,0.0,-40.08 -71.15
CHAPELCO_AERO,23/OCT/2022,18Hs,13.5,283,33,0.0,-40.08 -71.15
CHAPELCO_AERO,23/OCT/2022,21Hs,8.6,289,15,0.0,-40.08 -71.15
CHEPES,23/OCT/2022,00Hs,14.8,20,30,0.0,-31.33 -66.58
CHEPES,23/OCT/2022,03Hs,12.4,4,29,0.0,-31.33 -66.58
CHEPES,23/OCT/2022,06Hs,11.3,15,28,0.0,-31.33 -66.58
CHEPES,23/OCT/2022,09Hs,14.7,20,38,0.0,-31.33 -66.58
CHEPES,23/OCT/2022,12Hs,20.5,21,40,0.0,-31.33 -66.58
CHEPES,23/OCT/2022,15Hs,24.2,27,38,0.0,-31.33 -66.58
CHEPES,23/OCT/2022,18Hs,23.5,28,38,0.0,-31.33 -66.58
CHEPES,23/OCT/2022,21Hs,19.0,31,31,0.0,-31.33 -66.58
CHILECITO_AERO,23/OCT/2022,00Hs,11.5,212,4,0.0,-29.22 -67.45
CHILECITO_AERO,23/OCT/2022,03Hs,10.5,14,2,0.0,-29.22 -67.45
CHILECITO_AERO,23/OCT/2022,06Hs,8.9,184,1,0.0,-29.22 -67.45
CHILECITO_AERO,23/OCT/2022,09Hs,12.1,240,5,0.0,-29.22 -67.45
CHILECITO_AERO,23/OCT/2022,12Hs,18.5,220,11,0.0,-29.22 -67.45
CHILECITO_AERO,23/OCT/2022,15Hs,22.6,211,17,0.0,-29.22 -67.45
CHILECITO_AERO,23/OCT/2022,18Hs,22.7,206,14,0.0,-29.22 -67.45
CHILECITO_AERO,23/OCT/2022,21Hs,18.7,210,3,0.0,-29.22 -67.45
CIPOLLETTI,23/OCT/2022,00Hs,15.1,19,31,0.0,-38.93 -67.98
CIPOLLETTI,23/OCT/2022,03Hs,13.3,22,30,0.0,-38.93 -67.98
CIPOLLETTI,23/OCT/2022,06Hs,11.9,15,26,0.0,-38.93 -67.98
CIPOLLETTI,23/OCT/2022,09Hs,13.6,12,25,0.0,-38.93 -67.98
CIPOLLETTI,23/OCT/2022,12Hs,20.5,10,20,0.0,-38.93 -67.98
CIPOLLETTI,23/OCT/2022,15Hs,25.0,338,10,0.0,-38.93 -67.98
CIPOLLETTI,23/OCT/2022,18Hs,25.8,257,3,0.0,-38.93 -67.98
CIPOLLETTI,23/OCT/2022,21Hs,22.9,164,6,0.0,-38.93 -67.98
COMODORO_RIVADAVIA_AERO,23/OCT/2022,00Hs,13.1,337,6,0.0,-45.8 -67.47
COMODORO_RIVADAVIA_AERO,23/OCT/2022,03Hs,11.8,299,6,0.0,-45.8 -67.47
COMODORO_RIVADAVIA_AERO,23/OCT/2022,06Hs,11.2,357,7,0.0,-45.8 -67.47
COMODORO_RIVADAVIA_AERO,23/OCT/2022,09Hs,13.1,285,25,0.0,-45.8 -67.47
COMODORO_RIVADAVIA_AERO,23/OCT/2022,12Hs,15.2,288,33,0.0,-45.8 -67.47
COMODORO_RIVADAVIA_AERO,23/OCT/2022,15Hs,17.2,290,44,0.0,-45.8 -67.47
COMODORO_RIVADAVIA_AERO,23/OCT/2022,18Hs,16.7,280,41,0.0,-45.8 -67.47
COMODORO_RIVADAVIA_AERO,23/OCT/2022,21Hs,15.1,291,35,0.0,-45.8 -67.47
CONCORDIA_AERO,23/OCT/2022,00Hs,8.5,174,13,0.0,-31.3 -58.0
CONCORDIA_AERO,23/OCT/2022,03Hs,7.3,167,11,0.0,-31.3 -58.0
CONCORDIA_AERO,23/OCT/2022,06Hs,6.4,149,9,0.0,-31.3 -58.0
CONCORDIA_AERO,23/OCT/2022,09Hs,13.4,124,17,0.0,-31.3 -58.0
CONCORDIA_AERO,23/OCT/2022,12Hs,18.9,105,13,0.0,-31.3 -58.0
CONCORDIA_AERO,23/OCT/2022,15Hs,21.5,98,11,0.0,-31.3 -58.0
CONCORDIA_AERO,23/OCT/2022,18Hs,20.0,94,12,0.0,-31.3 -58.0
CONCORDIA_AERO,23/OCT/2022,21Hs,13.6,86,11,0.0,-31.3 -58.0
CORDOBA_AERO,23/OCT/2022,00Hs,10.2,45,6,0.0,-31.3 -64.22
CORDOBA_AERO,23/OCT/2022,03Hs,9.0,28,7,0.0,-31.3 -64.22
CORDOBA_AERO,23/OCT/2022,06Hs,8.3,23,9,0.0,-31.3 -64.22
CORDOBA_AERO,23/OCT/2022,09Hs,13.1,25,17,0.0,-31.3 -64.22
CORDOBA_AERO,23/OCT/2022,12Hs,19.4,31,21,0.0,-31.3 -64.22
CORDOBA_AERO,23/OCT/2022,15Hs,23.9,40,23,0.0,-31.3 -64.22
CORDOBA_AERO,23/OCT/2022,18Hs,23.4,41,25,0.0,-31.3 -64.22
CORDOBA_AERO,23/OCT/2022,21Hs,18.3,39,20,0.0,-31.3 -64.22
CORDOBA_OBSERVATORIO,23/OCT/2022,00Hs,10.2,45,6,0.0,-31.3 -64.22
CORDOBA_OBSERVATORIO,23/OCT/2022,03Hs,9.0,28,7,0.0,-31.3 -64.22
CORDOBA_OBSERVATORIO,23/OCT/2022,06Hs,8.3,23,9,0.0,-31.3 -64.22
CORDOBA_OBSERVATORIO,23/OCT/2022,09Hs,13.1,25,17,0.0,-31.3 -64.22
CORDOBA_OBSERVATORIO,23/OCT/2022,12Hs,19.4,31,21,0.0,-31.3 -64.22
CORDOBA_OBSERVATORIO,23/OCT/2022,15Hs,23.9,40,23,0.0,-31.3 -64.22
CORDOBA_OBSERVATORIO,23/OCT/2022,18Hs,23.4,41,25,0.0,-31.3 -64.22
CORDOBA_OBSERVATORIO,23/OCT/2022,21Hs,18.3,39,20,0.0,-31.3 -64.22
CORONEL_PRINGLES_AERO,23/OCT/2022,00Hs,3.3,47,7,0.0,-38.0 -61.33
CORONEL_PRINGLES_AERO,23/OCT/2022,03Hs,1.7,1,12,0.0,-38.0 -61.33
CORONEL_PRINGLES_AERO,23/OCT/2022,06Hs,0.2,345,12,0.0,-38.0 -61.33
CORONEL_PRINGLES_AERO,23/OCT/2022,09Hs,9.9,357,24,0.0,-38.0 -61.33
CORONEL_PRINGLES_AERO,23/OCT/2022,12Hs,16.9,357,29,0.0,-38.0 -61.33
CORONEL_PRINGLES_AERO,23/OCT/2022,15Hs,20.7,355,28,0.0,-38.0 -61.33
CORONEL_PRINGLES_AERO,23/OCT/2022,18Hs,20.4,359,22,0.0,-38.0 -61.33
CORONEL_PRINGLES_AERO,23/OCT/2022,21Hs,13.2,15,16,0.0,-38.0 -61.33
CORONEL_SUAREZ_AERO,23/OCT/2022,00Hs,4.7,37,11,0.0,-38.0 -61.33
CORONEL_SUAREZ_AERO,23/OCT/2022,03Hs,2.0,333,11,0.0,-38.0 -61.33
CORONEL_SUAREZ_AERO,23/OCT/2022,06Hs,0.7,10,11,0.0,-38.0 -61.33
CORONEL_SUAREZ_AERO,23/OCT/2022,09Hs,9.9,12,21,0.0,-38.0 -61.33
CORONEL_SUAREZ_AERO,23/OCT/2022,12Hs,17.2,5,27,0.0,-38.0 -61.33
CORONEL_SUAREZ_AERO,23/OCT/2022,15Hs,21.6,5,25,0.0,-38.0 -61.33
CORONEL_SUAREZ_AERO,23/OCT/2022,18Hs,21.4,10,21,0.0,-38.0 -61.33
CORONEL_SUAREZ_AERO,23/OCT/2022,21Hs,13.9,33,16,0.0,-38.0 -61.33
CORRIENTES_AERO,23/OCT/2022,00Hs,19.1,137,12,0.0,-27.45 -58.77
CORRIENTES_AERO,23/OCT/2022,03Hs,16.3,156,12,0.0,-27.45 -58.77
CORRIENTES_AERO,23/OCT/2022,06Hs,14.8,151,13,0.0,-27.45 -58.77
CORRIENTES_AERO,23/OCT/2022,09Hs,18.5,135,15,0.0,-27.45 -58.77
CORRIENTES_AERO,23/OCT/2022,12Hs,24.5,127,12,0.0,-27.45 -58.77
CORRIENTES_AERO,23/OCT/2022,15Hs,27.5,124,12,0.0,-27.45 -58.77
CORRIENTES_AERO,23/OCT/2022,18Hs,25.6,123,12,0.0,-27.45 -58.77
CORRIENTES_AERO,23/OCT/2022,21Hs,20.1,120,13,0.0,-27.45 -58.77
DOLORES_AERO,23/OCT/2022,00Hs,4.7,145,11,0.0,-36.32 -57.72
DOLORES_AERO,23/OCT/2022,03Hs,4.6,155,8,0.0,-36.32 -57.72
DOLORES_AERO,23/OCT/2022,06Hs,4.7,160,7,0.0,-36.32 -57.72
DOLORES_AERO,23/OCT/2022,09Hs,12.7,105,9,0.0,-36.32 -57.72
DOLORES_AERO,23/OCT/2022,12Hs,17.7,41,13,0.0,-36.32 -57.72
DOLORES_AERO,23/OCT/2022,15Hs,18.1,40,21,0.0,-36.32 -57.72
DOLORES_AERO,23/OCT/2022,18Hs,14.4,48,17,0.0,-36.32 -57.72
DOLORES_AERO,23/OCT/2022,21Hs,9.5,72,12,0.0,-36.32 -57.72
EL_BOLSON_AERO,23/OCT/2022,00Hs,6.2,274,9,0.0,-77.87 -34.63
EL_BOLSON_AERO,23/OCT/2022,03Hs,3.8,296,8,0.0,-77.87 -34.63
EL_BOLSON_AERO,23/OCT/2022,06Hs,1.7,299,8,0.0,-77.87 -34.63
EL_BOLSON_AERO,23/OCT/2022,09Hs,4.6,303,9,0.0,-77.87 -34.63
EL_BOLSON_AERO,23/OCT/2022,12Hs,10.8,291,10,0.0,-77.87 -34.63
EL_BOLSON_AERO,23/OCT/2022,15Hs,14.1,298,16,0.0,-77.87 -34.63
EL_BOLSON_AERO,23/OCT/2022,18Hs,14.1,301,14,0.0,-77.87 -34.63
EL_BOLSON_AERO,23/OCT/2022,21Hs,8.0,266,14,0.0,-77.87 -34.63
EL_CALAFATE_AERO,23/OCT/2022,00Hs,5.5,279,11,0.0,-77.87 -34.63
EL_CALAFATE_AERO,23/OCT/2022,03Hs,4.7,257,9,0.0,-77.87 -34.63
EL_CALAFATE_AERO,23/OCT/2022,06Hs,4.2,261,4,0.0,-77.87 -34.63
EL_CALAFATE_AERO,23/OCT/2022,09Hs,6.3,267,4,0.0,-77.87 -34.63
EL_CALAFATE_AERO,23/OCT/2022,12Hs,8.7,271,16,0.0,-77.87 -34.63
EL_CALAFATE_AERO,23/OCT/2022,15Hs,10.9,266,16,0.0,-77.87 -34.63
EL_CALAFATE_AERO,23/OCT/2022,18Hs,11.0,263,22,0.0,-77.87 -34.63
EL_CALAFATE_AERO,23/OCT/2022,21Hs,7.9,283,20,0.0,-77.87 -34.63
EL_PALOMAR_AERO,23/OCT/2022,00Hs,12.6,144,27,0.2,-77.87 -34.63
EL_PALOMAR_AERO,23/OCT/2022,03Hs,12.6,146,20,0.0,-77.87 -34.63
EL_PALOMAR_AERO,23/OCT/2022,06Hs,13.3,120,21,0.2,-77.87 -34.63
EL_PALOMAR_AERO,23/OCT/2022,09Hs,13.2,98,16,0.1,-77.87 -34.63
EL_PALOMAR_AERO,23/OCT/2022,12Hs,15.2,153,15,0.0,-77.87 -34.63
EL_PALOMAR_AERO,23/OCT/2022,15Hs,15.3,148,31,0.0,-77.87 -34.63
EL_PALOMAR_AERO,23/OCT/2022,18Hs,15.9,120,37,0.0,-77.87 -34.63
EL_PALOMAR_AERO,23/OCT/2022,21Hs,15.2,104,34,0.0,-77.87 -34.63
EL_TREBOL,23/OCT/2022,00Hs,9.2,100,10,0.0,-77.87 -34.63
EL_TREBOL,23/OCT/2022,03Hs,7.6,91,13,0.0,-77.87 -34.63
EL_TREBOL,23/OCT/2022,06Hs,6.6,91,11,0.0,-77.87 -34.63
EL_TREBOL,23/OCT/2022,09Hs,13.1,67,16,0.0,-77.87 -34.63
EL_TREBOL,23/OCT/2022,12Hs,20.5,45,15,0.0,-77.87 -34.63
EL_TREBOL,23/OCT/2022,15Hs,25.1,37,15,0.0,-77.87 -34.63
EL_TREBOL,23/OCT/2022,18Hs,25.2,46,17,0.0,-77.87 -34.63
EL_TREBOL,23/OCT/2022,21Hs,17.3,57,13,0.0,-77.87 -34.63
ESC.AVIACION_MILITAR_AERO,23/OCT/2022,00Hs,8.9,9,8,0.0,None
ESC.AVIACION_MILITAR_AERO,23/OCT/2022,03Hs,8.1,360,7,0.0,None
ESC.AVIACION_MILITAR_AERO,23/OCT/2022,06Hs,7.4,5,9,0.0,None
ESC.AVIACION_MILITAR_AERO,23/OCT/2022,09Hs,12.7,37,16,0.0,None
ESC.AVIACION_MILITAR_AERO,23/OCT/2022,12Hs,19.6,51,21,0.0,None
ESC.AVIACION_MILITAR_AERO,23/OCT/2022,15Hs,24.4,56,27,0.0,None
ESC.AVIACION_MILITAR_AERO,23/OCT/2022,18Hs,22.6,42,30,0.0,None
ESC.AVIACION_MILITAR_AERO,23/OCT/2022,21Hs,16.4,15,20,0.0,None
ESQUEL_AERO,23/OCT/2022,00Hs,8.0,294,11,0.0,-42.9 -71.15
ESQUEL_AERO,23/OCT/2022,03Hs,6.0,298,11,0.0,-42.9 -71.15
ESQUEL_AERO,23/OCT/2022,06Hs,4.2,300,12,0.0,-42.9 -71.15
ESQUEL_AERO,23/OCT/2022,09Hs,5.9,302,12,0.0,-42.9 -71.15
ESQUEL_AERO,23/OCT/2022,12Hs,9.4,314,12,0.0,-42.9 -71.15
ESQUEL_AERO,23/OCT/2022,15Hs,12.8,311,16,0.0,-42.9 -71.15
ESQUEL_AERO,23/OCT/2022,18Hs,12.7,299,21,0.0,-42.9 -71.15
ESQUEL_AERO,23/OCT/2022,21Hs,9.0,278,10,0.0,-42.9 -71.15
EZEIZA_AERO,23/OCT/2022,00Hs,7.8,134,6,0.0,-34.82 -58.55
EZEIZA_AERO,23/OCT/2022,03Hs,6.7,150,6,0.0,-34.82 -58.55
EZEIZA_AERO,23/OCT/2022,06Hs,5.8,153,7,0.0,-34.82 -58.55
EZEIZA_AERO,23/OCT/2022,09Hs,13.8,108,9,0.0,-34.82 -58.55
EZEIZA_AERO,23/OCT/2022,12Hs,19.4,54,15,0.0,-34.82 -58.55
EZEIZA_AERO,23/OCT/2022,15Hs,20.9,52,16,0.0,-34.82 -58.55
EZEIZA_AERO,23/OCT/2022,18Hs,18.1,67,16,0.0,-34.82 -58.55
EZEIZA_AERO,23/OCT/2022,21Hs,13.1,83,13,0.0,-34.82 -58.55
FORMOSA_AERO,23/OCT/2022,00Hs,17.5,128,7,0.0,-26.22 -58.23
FORMOSA_AERO,23/OCT/2022,03Hs,16.0,136,6,0.0,-26.22 -58.23
FORMOSA_AERO,23/OCT/2022,06Hs,14.8,134,9,0.0,-26.22 -58.23
FORMOSA_AERO,23/OCT/2022,09Hs,21.6,132,14,0.0,-26.22 -58.23
FORMOSA_AERO,23/OCT/2022,12Hs,27.1,132,12,0.0,-26.22 -58.23
FORMOSA_AERO,23/OCT/2022,15Hs,29.1,129,12,0.0,-26.22 -58.23
FORMOSA_AERO,23/OCT/2022,18Hs,26.3,124,11,0.0,-26.22 -58.23
FORMOSA_AERO,23/OCT/2022,21Hs,20.2,125,10,0.0,-26.22 -58.23
GENERAL_PICO_AERO,23/OCT/2022,00Hs,6.1,31,15,0.0,-35.68 -63.77
GENERAL_PICO_AERO,23/OCT/2022,03Hs,4.7,35,16,0.0,-35.68 -63.77
GENERAL_PICO_AERO,23/OCT/2022,06Hs,3.9,36,16,0.0,-35.68 -63.77
GENERAL_PICO_AERO,23/OCT/2022,09Hs,11.6,24,27,0.0,-35.68 -63.77
GENERAL_PICO_AERO,23/OCT/2022,12Hs,20.9,18,28,0.0,-35.68 -63.77
GENERAL_PICO_AERO,23/OCT/2022,15Hs,25.9,20,27,0.0,-35.68 -63.77
GENERAL_PICO_AERO,23/OCT/2022,18Hs,25.5,18,26,0.0,-35.68 -63.77
GENERAL_PICO_AERO,23/OCT/2022,21Hs,17.3,38,17,0.0,-35.68 -63.77
GOBERNADOR_GREGORES_AERO,23/OCT/2022,00Hs,10.7,314,42,0.0,-48.78 -70.17
GOBERNADOR_GREGORES_AERO,23/OCT/2022,03Hs,10.2,325,30,0.0,-48.78 -70.17
GOBERNADOR_GREGORES_AERO,23/OCT/2022,06Hs,9.0,334,22,0.0,-48.78 -70.17
GOBERNADOR_GREGORES_AERO,23/OCT/2022,09Hs,11.0,321,28,0.0,-48.78 -70.17
GOBERNADOR_GREGORES_AERO,23/OCT/2022,12Hs,15.7,308,45,0.0,-48.78 -70.17
GOBERNADOR_GREGORES_AERO,23/OCT/2022,15Hs,17.2,301,45,0.0,-48.78 -70.17
GOBERNADOR_GREGORES_AERO,23/OCT/2022,18Hs,16.7,293,32,0.0,-48.78 -70.17
GOBERNADOR_GREGORES_AERO,23/OCT/2022,21Hs,13.9,286,28,0.0,-48.78 -70.17
GUALEGUAYCHU_AERO,23/OCT/2022,00Hs,11.8,149,14,0.0,-33.02 -58.62
GUALEGUAYCHU_AERO,23/OCT/2022,03Hs,8.7,137,10,0.0,-33.02 -58.62
GUALEGUAYCHU_AERO,23/OCT/2022,06Hs,8.8,140,9,0.0,-33.02 -58.62
GUALEGUAYCHU_AERO,23/OCT/2022,09Hs,15.0,104,16,0.0,-33.02 -58.62
GUALEGUAYCHU_AERO,23/OCT/2022,12Hs,20.5,102,14,0.0,-33.02 -58.62
GUALEGUAYCHU_AERO,23/OCT/2022,15Hs,23.4,79,12,0.0,-33.02 -58.62
GUALEGUAYCHU_AERO,23/OCT/2022,18Hs,21.8,52,12,0.0,-33.02 -58.62
GUALEGUAYCHU_AERO,23/OCT/2022,21Hs,13.8,57,8,0.0,-33.02 -58.62
IGUAZU_AERO,23/OCT/2022,00Hs,15.8,124,5,0.0,-25.73 -54.48
IGUAZU_AERO,23/OCT/2022,03Hs,14.6,143,7,0.0,-25.73 -54.48
IGUAZU_AERO,23/OCT/2022,06Hs,13.6,150,7,0.0,-25.73 -54.48
IGUAZU_AERO,23/OCT/2022,09Hs,19.7,146,9,0.0,-25.73 -54.48
IGUAZU_AERO,23/OCT/2022,12Hs,24.8,144,7,0.0,-25.73 -54.48
IGUAZU_AERO,23/OCT/2022,15Hs,27.0,157,2,0.0,-25.73 -54.48
IGUAZU_AERO,23/OCT/2022,18Hs,22.9,253,5,0.0,-25.73 -54.48
IGUAZU_AERO,23/OCT/2022,21Hs,18.2,119,6,0.0,-25.73 -54.48
ITUZAINGO,23/OCT/2022,00Hs,16.6,154,9,0.0,-27.58 -56.68
ITUZAINGO,23/OCT/2022,03Hs,14.9,168,11,0.0,-27.58 -56.68
ITUZAINGO,23/OCT/2022,06Hs,14.0,173,15,0.0,-27.58 -56.68
ITUZAINGO,23/OCT/2022,09Hs,18.5,145,15,0.0,-27.58 -56.68
ITUZAINGO,23/OCT/2022,12Hs,23.6,159,13,0.0,-27.58 -56.68
ITUZAINGO,23/OCT/2022,15Hs,25.2,171,15,0.0,-27.58 -56.68
ITUZAINGO,23/OCT/2022,18Hs,22.0,176,15,0.0,-27.58 -56.68
ITUZAINGO,23/OCT/2022,21Hs,16.7,143,13,0.0,-27.58 -56.68
JACHAL,23/OCT/2022,00Hs,14.9,190,7,0.0,-30.23 -68.73
JACHAL,23/OCT/2022,03Hs,13.0,196,4,0.0,-30.23 -68.73
JACHAL,23/OCT/2022,06Hs,11.7,38,4,0.0,-30.23 -68.73
JACHAL,23/OCT/2022,09Hs,14.9,55,7,0.0,-30.23 -68.73
JACHAL,23/OCT/2022,12Hs,20.1,82,8,0.0,-30.23 -68.73
JACHAL,23/OCT/2022,15Hs,24.5,118,10,0.0,-30.23 -68.73
JACHAL,23/OCT/2022,18Hs,26.1,148,10,0.0,-30.23 -68.73
JACHAL,23/OCT/2022,21Hs,22.6,143,17,0.0,-30.23 -68.73
JUJUY_AERO,23/OCT/2022,00Hs,18.7,289,3,0.0,-24.38 -65.1
JUJUY_AERO,23/OCT/2022,03Hs,16.6,255,2,0.0,-24.38 -65.1
JUJUY_AERO,23/OCT/2022,06Hs,15.0,294,4,0.0,-24.38 -65.1
JUJUY_AERO,23/OCT/2022,09Hs,19.8,52,8,0.0,-24.38 -65.1
JUJUY_AERO,23/OCT/2022,12Hs,23.8,67,10,0.0,-24.38 -65.1
JUJUY_AERO,23/OCT/2022,15Hs,27.3,77,12,0.0,-24.38 -65.1
JUJUY_AERO,23/OCT/2022,18Hs,26.5,75,10,0.0,-24.38 -65.1
JUJUY_AERO,23/OCT/2022,21Hs,20.4,253,6,0.0,-24.38 -65.1
JUJUY_U_N,23/OCT/2022,00Hs,18.7,289,3,0.0,-24.38 -65.1
JUJUY_U_N,23/OCT/2022,03Hs,16.6,255,2,0.0,-24.38 -65.1
JUJUY_U_N,23/OCT/2022,06Hs,15.0,294,4,0.0,-24.38 -65.1
JUJUY_U_N,23/OCT/2022,09Hs,19.8,52,8,0.0,-24.38 -65.1
JUJUY_U_N,23/OCT/2022,12Hs,23.8,67,10,0.0,-24.38 -65.1
JUJUY_U_N,23/OCT/2022,15Hs,27.3,77,12,0.0,-24.38 -65.1
JUJUY_U_N,23/OCT/2022,18Hs,26.5,75,10,0.0,-24.38 -65.1
JUJUY_U_N,23/OCT/2022,21Hs,20.4,253,6,0.0,-24.38 -65.1
JUNIN_AERO,23/OCT/2022,00Hs,5.2,99,8,0.0,-34.55 -60.93
JUNIN_AERO,23/OCT/2022,03Hs,4.6,55,8,0.0,-34.55 -60.93
JUNIN_AERO,23/OCT/2022,06Hs,4.0,70,10,0.0,-34.55 -60.93
JUNIN_AERO,23/OCT/2022,09Hs,12.7,56,16,0.0,-34.55 -60.93
JUNIN_AERO,23/OCT/2022,12Hs,20.4,38,17,0.0,-34.55 -60.93
JUNIN_AERO,23/OCT/2022,15Hs,24.2,30,17,0.0,-34.55 -60.93
JUNIN_AERO,23/OCT/2022,18Hs,23.9,32,18,0.0,-34.55 -60.93
JUNIN_AERO,23/OCT/2022,21Hs,15.5,46,14,0.0,-34.55 -60.93
LABOULAYE_AERO,23/OCT/2022,00Hs,7.3,59,14,0.0,-34.13 -63.37
LABOULAYE_AERO,23/OCT/2022,03Hs,5.7,51,17,0.0,-34.13 -63.37
LABOULAYE_AERO,23/OCT/2022,06Hs,5.4,42,17,0.0,-34.13 -63.37
LABOULAYE_AERO,23/OCT/2022,09Hs,12.6,27,27,0.0,-34.13 -63.37
LABOULAYE_AERO,23/OCT/2022,12Hs,20.4,23,26,0.0,-34.13 -63.37
LABOULAYE_AERO,23/OCT/2022,15Hs,24.8,24,26,0.0,-34.13 -63.37
LABOULAYE_AERO,23/OCT/2022,18Hs,24.3,26,25,0.0,-34.13 -63.37
LABOULAYE_AERO,23/OCT/2022,21Hs,16.9,47,17,0.0,-34.13 -63.37
LAS_FLORES_AERO,23/OCT/2022,00Hs,5.1,79,11,0.0,-36.03 -59.13
LAS_FLORES_AERO,23/OCT/2022,03Hs,3.5,77,7,0.0,-36.03 -59.13
LAS_FLORES_AERO,23/OCT/2022,06Hs,2.8,99,8,0.0,-36.03 -59.13
LAS_FLORES_AERO,23/OCT/2022,09Hs,11.3,67,11,0.0,-36.03 -59.13
LAS_FLORES_AERO,23/OCT/2022,12Hs,18.2,43,15,0.0,-36.03 -59.13
LAS_FLORES_AERO,23/OCT/2022,15Hs,21.3,50,17,0.0,-36.03 -59.13
LAS_FLORES_AERO,23/OCT/2022,18Hs,20.5,45,14,0.0,-36.03 -59.13
LAS_FLORES_AERO,23/OCT/2022,21Hs,13.7,59,23,0.0,-36.03 -59.13
LAS_LOMITAS,23/OCT/2022,00Hs,21.1,97,14,0.0,-36.03 -59.13
LAS_LOMITAS,23/OCT/2022,03Hs,17.9,69,8,0.0,-36.03 -59.13
LAS_LOMITAS,23/OCT/2022,06Hs,16.8,131,7,0.0,-36.03 -59.13
LAS_LOMITAS,23/OCT/2022,09Hs,23.7,104,10,0.0,-36.03 -59.13
LAS_LOMITAS,23/OCT/2022,12Hs,30.8,97,11,0.0,-36.03 -59.13
LAS_LOMITAS,23/OCT/2022,15Hs,33.9,95,11,0.0,-36.03 -59.13
LAS_LOMITAS,23/OCT/2022,18Hs,32.3,89,14,0.0,-36.03 -59.13
LAS_LOMITAS,23/OCT/2022,21Hs,24.7,95,14,0.0,-36.03 -59.13
LA_PLATA_AERO,23/OCT/2022,00Hs,6.7,157,8,0.0,-38.72 -62.17
LA_PLATA_AERO,23/OCT/2022,03Hs,6.1,158,8,0.0,-38.72 -62.17
LA_PLATA_AERO,23/OCT/2022,06Hs,8.4,156,8,0.0,-38.72 -62.17
LA_PLATA_AERO,23/OCT/2022,09Hs,13.5,127,10,0.0,-38.72 -62.17
LA_PLATA_AERO,23/OCT/2022,12Hs,18.7,58,16,0.0,-38.72 -62.17
LA_PLATA_AERO,23/OCT/2022,15Hs,19.1,68,18,0.0,-38.72 -62.17
LA_PLATA_AERO,23/OCT/2022,18Hs,16.0,88,15,0.0,-38.72 -62.17
LA_PLATA_AERO,23/OCT/2022,21Hs,11.3,91,13,0.0,-38.72 -62.17
LA_QUIACA_OBS,23/OCT/2022,00Hs,6.1,26,14,0.0,-38.72 -62.17
LA_QUIACA_OBS,23/OCT/2022,03Hs,6.2,6,10,0.0,-38.72 -62.17
LA_QUIACA_OBS,23/OCT/2022,06Hs,6.8,32,8,0.0,-38.72 -62.17
LA_QUIACA_OBS,23/OCT/2022,09Hs,8.1,326,3,0.0,-38.72 -62.17
LA_QUIACA_OBS,23/OCT/2022,12Hs,14.9,143,2,0.0,-38.72 -62.17
LA_QUIACA_OBS,23/OCT/2022,15Hs,19.6,111,12,0.0,-38.72 -62.17
LA_QUIACA_OBS,23/OCT/2022,18Hs,15.5,52,34,0.0,-38.72 -62.17
LA_QUIACA_OBS,23/OCT/2022,21Hs,9.6,45,18,0.0,-38.72 -62.17
LA_RIOJA_AERO,23/OCT/2022,00Hs,18.1,73,17,0.0,-38.72 -62.17
LA_RIOJA_AERO,23/OCT/2022,03Hs,15.4,91,9,0.0,-38.72 -62.17
LA_RIOJA_AERO,23/OCT/2022,06Hs,14.0,84,3,0.0,-38.72 -62.17
LA_RIOJA_AERO,23/OCT/2022,09Hs,17.3,53,7,0.0,-38.72 -62.17
LA_RIOJA_AERO,23/OCT/2022,12Hs,22.7,66,10,0.0,-38.72 -62.17
LA_RIOJA_AERO,23/OCT/2022,15Hs,28.4,98,12,0.0,-38.72 -62.17
LA_RIOJA_AERO,23/OCT/2022,18Hs,28.6,84,22,0.0,-38.72 -62.17
LA_RIOJA_AERO,23/OCT/2022,21Hs,24.2,50,25,0.0,-38.72 -62.17
MALARGUE_AERO,23/OCT/2022,00Hs,9.3,335,16,0.0,-35.48 -69.58
MALARGUE_AERO,23/OCT/2022,03Hs,8.0,304,12,0.0,-35.48 -69.58
MALARGUE_AERO,23/OCT/2022,06Hs,7.2,292,7,0.0,-35.48 -69.58
MALARGUE_AERO,23/OCT/2022,09Hs,9.8,25,4,0.0,-35.48 -69.58
MALARGUE_AERO,23/OCT/2022,12Hs,15.5,16,9,0.0,-35.48 -69.58
MALARGUE_AERO,23/OCT/2022,15Hs,20.4,9,17,0.0,-35.48 -69.58
MALARGUE_AERO,23/OCT/2022,18Hs,21.9,289,40,0.0,-35.48 -69.58
MALARGUE_AERO,23/OCT/2022,21Hs,16.8,267,24,0.0,-35.48 -69.58
MAQUINCHAO,23/OCT/2022,00Hs,10.8,355,27,0.0,-41.25 -68.7
MAQUINCHAO,23/OCT/2022,03Hs,9.1,347,25,0.0,-41.25 -68.7
MAQUINCHAO,23/OCT/2022,06Hs,8.4,336,16,0.0,-41.25 -68.7
MAQUINCHAO,23/OCT/2022,09Hs,13.6,297,30,0.0,-41.25 -68.7
MAQUINCHAO,23/OCT/2022,12Hs,18.1,300,34,0.0,-41.25 -68.7
MAQUINCHAO,23/OCT/2022,15Hs,19.9,295,37,0.0,-41.25 -68.7
MAQUINCHAO,23/OCT/2022,18Hs,18.2,281,39,0.0,-41.25 -68.7
MAQUINCHAO,23/OCT/2022,21Hs,14.1,272,35,0.0,-41.25 -68.7
MARCOS_JUAREZ_AERO,23/OCT/2022,00Hs,9.2,86,10,0.0,-32.68 -62.15
MARCOS_JUAREZ_AERO,23/OCT/2022,03Hs,7.6,76,12,0.0,-32.68 -62.15
MARCOS_JUAREZ_AERO,23/OCT/2022,06Hs,6.5,73,11,0.0,-32.68 -62.15
MARCOS_JUAREZ_AERO,23/OCT/2022,09Hs,12.7,53,16,0.0,-32.68 -62.15
MARCOS_JUAREZ_AERO,23/OCT/2022,12Hs,19.9,36,16,0.0,-32.68 -62.15
MARCOS_JUAREZ_AERO,23/OCT/2022,15Hs,24.1,31,17,0.0,-32.68 -62.15
MARCOS_JUAREZ_AERO,23/OCT/2022,18Hs,24.5,40,17,0.0,-32.68 -62.15
MARCOS_JUAREZ_AERO,23/OCT/2022,21Hs,17.3,63,15,0.0,-32.68 -62.15
MARIANO_MORENO_AERO,23/OCT/2022,00Hs,10.4,151,9,0.0,-34.55 -58.78
MARIANO_MORENO_AERO,23/OCT/2022,03Hs,8.7,168,6,0.0,-34.55 -58.78
MARIANO_MORENO_AERO,23/OCT/2022,06Hs,10.4,163,9,0.1,-34.55 -58.78
MARIANO_MORENO_AERO,23/OCT/2022,09Hs,15.0,93,10,0.1,-34.55 -58.78
MARIANO_MORENO_AERO,23/OCT/2022,12Hs,18.1,111,11,0.0,-34.55 -58.78
MARIANO_MORENO_AERO,23/OCT/2022,15Hs,17.8,126,15,0.0,-34.55 -58.78
MARIANO_MORENO_AERO,23/OCT/2022,18Hs,15.6,122,16,0.0,-34.55 -58.78
MARIANO_MORENO_AERO,23/OCT/2022,21Hs,13.9,107,14,0.0,-34.55 -58.78
MAR_DEL_PLATA_AERO,23/OCT/2022,00Hs,3.0,106,7,0.0,-64.23 -56.63
MAR_DEL_PLATA_AERO,23/OCT/2022,03Hs,2.4,126,2,0.0,-64.23 -56.63
MAR_DEL_PLATA_AERO,23/OCT/2022,06Hs,2.3,277,1,0.0,-64.23 -56.63
MAR_DEL_PLATA_AERO,23/OCT/2022,09Hs,11.3,33,8,0.0,-64.23 -56.63
MAR_DEL_PLATA_AERO,23/OCT/2022,12Hs,18.1,16,15,0.0,-64.23 -56.63
MAR_DEL_PLATA_AERO,23/OCT/2022,15Hs,21.0,13,18,0.0,-64.23 -56.63
MAR_DEL_PLATA_AERO,23/OCT/2022,18Hs,18.4,36,22,0.0,-64.23 -56.63
MAR_DEL_PLATA_AERO,23/OCT/2022,21Hs,10.6,37,20,0.0,-64.23 -56.63
MENDOZA_AERO,23/OCT/2022,00Hs,13.8,346,9,0.0,-32.85 -68.8
MENDOZA_AERO,23/OCT/2022,03Hs,12.5,354,6,0.0,-32.85 -68.8
MENDOZA_AERO,23/OCT/2022,06Hs,11.2,49,4,0.0,-32.85 -68.8
MENDOZA_AERO,23/OCT/2022,09Hs,14.9,37,6,0.0,-32.85 -68.8
MENDOZA_AERO,23/OCT/2022,12Hs,20.0,23,14,0.0,-32.85 -68.8
MENDOZA_AERO,23/OCT/2022,15Hs,24.3,25,17,0.0,-32.85 -68.8
MENDOZA_AERO,23/OCT/2022,18Hs,25.4,24,14,0.0,-32.85 -68.8
MENDOZA_AERO,23/OCT/2022,21Hs,21.6,14,5,0.0,-32.85 -68.8
MENDOZA_OBSERVATORIO,23/OCT/2022,00Hs,12.9,8,12,0.0,-32.85 -68.8
MENDOZA_OBSERVATORIO,23/OCT/2022,03Hs,11.8,12,9,0.0,-32.85 -68.8
MENDOZA_OBSERVATORIO,23/OCT/2022,06Hs,10.6,25,6,0.0,-32.85 -68.8
MENDOZA_OBSERVATORIO,23/OCT/2022,09Hs,14.0,41,8,0.0,-32.85 -68.8
MENDOZA_OBSERVATORIO,23/OCT/2022,12Hs,19.0,36,14,0.0,-32.85 -68.8
MENDOZA_OBSERVATORIO,23/OCT/2022,15Hs,23.4,29,18,0.0,-32.85 -68.8
MENDOZA_OBSERVATORIO,23/OCT/2022,18Hs,24.2,28,16,0.0,-32.85 -68.8
MENDOZA_OBSERVATORIO,23/OCT/2022,21Hs,20.8,357,8,0.0,-32.85 -68.8
MERCEDES_AERO_(CTES),23/OCT/2022,00Hs,14.1,159,20,0.0,-29.23 -58.08
MERCEDES_AERO_(CTES),23/OCT/2022,03Hs,11.6,160,19,0.0,-29.23 -58.08
MERCEDES_AERO_(CTES),23/OCT/2022,06Hs,9.8,147,17,0.0,-29.23 -58.08
MERCEDES_AERO_(CTES),23/OCT/2022,09Hs,15.2,129,20,0.0,-29.23 -58.08
MERCEDES_AERO_(CTES),23/OCT/2022,12Hs,20.8,127,13,0.0,-29.23 -58.08
MERCEDES_AERO_(CTES),23/OCT/2022,15Hs,23.7,132,13,0.0,-29.23 -58.08
MERCEDES_AERO_(CTES),23/OCT/2022,18Hs,22.2,128,15,0.0,-29.23 -58.08
MERCEDES_AERO_(CTES),23/OCT/2022,21Hs,16.1,113,13,0.0,-29.23 -58.08
MERLO_AERO,23/OCT/2022,00Hs,5.5,101,9,0.0,-34.68 -58.75
MERLO_AERO,23/OCT/2022,03Hs,4.6,112,6,0.0,-34.68 -58.75
MERLO_AERO,23/OCT/2022,06Hs,4.2,129,9,0.0,-34.68 -58.75
MERLO_AERO,23/OCT/2022,09Hs,13.3,100,12,0.0,-34.68 -58.75
MERLO_AERO,23/OCT/2022,12Hs,19.8,51,15,0.0,-34.68 -58.75
MERLO_AERO,23/OCT/2022,15Hs,21.8,52,20,0.0,-34.68 -58.75
MERLO_AERO,23/OCT/2022,18Hs,19.2,56,18,0.0,-34.68 -58.75
MERLO_AERO,23/OCT/2022,21Hs,11.0,76,16,0.0,-34.68 -58.75
METAN,23/OCT/2022,00Hs,15.7,296,3,0.0,-25.52 -64.97
METAN,23/OCT/2022,03Hs,14.8,51,9,0.0,-25.52 -64.97
METAN,23/OCT/2022,06Hs,11.9,4,6,0.0,-25.52 -64.97
METAN,23/OCT/2022,09Hs,15.9,58,10,0.0,-25.52 -64.97
METAN,23/OCT/2022,12Hs,22.5,56,22,0.0,-25.52 -64.97
METAN,23/OCT/2022,15Hs,27.1,63,24,0.0,-25.52 -64.97
METAN,23/OCT/2022,18Hs,26.4,67,22,0.0,-25.52 -64.97
METAN,23/OCT/2022,21Hs,19.4,317,4,0.0,-25.52 -64.97
MONTE_CASEROS_AERO,23/OCT/2022,00Hs,12.5,160,22,0.0,-30.27 -57.63
MONTE_CASEROS_AERO,23/OCT/2022,03Hs,10.3,158,18,0.0,-30.27 -57.63
MONTE_CASEROS_AERO,23/OCT/2022,06Hs,8.6,144,17,0.0,-30.27 -57.63
MONTE_CASEROS_AERO,23/OCT/2022,09Hs,13.9,126,17,0.0,-30.27 -57.63
MONTE_CASEROS_AERO,23/OCT/2022,12Hs,20.0,125,14,0.0,-30.27 -57.63
MONTE_CASEROS_AERO,23/OCT/2022,15Hs,23.1,134,13,0.0,-30.27 -57.63
MONTE_CASEROS_AERO,23/OCT/2022,18Hs,21.3,130,14,0.0,-30.27 -57.63
MONTE_CASEROS_AERO,23/OCT/2022,21Hs,15.0,120,15,0.0,-30.27 -57.63
MORON_AERO,23/OCT/2022,00Hs,7.8,134,6,0.0,-34.67 -58.63
MORON_AERO,23/OCT/2022,03Hs,6.7,150,6,0.0,-34.67 -58.63
MORON_AERO,23/OCT/2022,06Hs,5.8,153,7,0.0,-34.67 -58.63
MORON_AERO,23/OCT/2022,09Hs,13.8,108,9,0.0,-34.67 -58.63
MORON_AERO,23/OCT/2022,12Hs,19.4,54,15,0.0,-34.67 -58.63
MORON_AERO,23/OCT/2022,15Hs,20.9,52,16,0.0,-34.67 -58.63
MORON_AERO,23/OCT/2022,18Hs,18.1,67,16,0.0,-34.67 -58.63
MORON_AERO,23/OCT/2022,21Hs,13.1,83,13,0.0,-34.67 -58.63
NEUQUEN_AERO,23/OCT/2022,00Hs,14.4,18,29,0.0,-38.95 -68.13
NEUQUEN_AERO,23/OCT/2022,03Hs,13.1,12,23,0.0,-38.95 -68.13
NEUQUEN_AERO,23/OCT/2022,06Hs,11.3,6,17,0.0,-38.95 -68.13
NEUQUEN_AERO,23/OCT/2022,09Hs,14.5,1,18,0.0,-38.95 -68.13
NEUQUEN_AERO,23/OCT/2022,12Hs,20.8,352,12,0.0,-38.95 -68.13
NEUQUEN_AERO,23/OCT/2022,15Hs,25.5,309,18,0.0,-38.95 -68.13
NEUQUEN_AERO,23/OCT/2022,18Hs,26.4,319,24,0.0,-38.95 -68.13
NEUQUEN_AERO,23/OCT/2022,21Hs,21.2,252,34,0.0,-38.95 -68.13
NUEVE_DE_JULIO,23/OCT/2022,00Hs,4.9,31,10,0.0,-35.43 -60.88
NUEVE_DE_JULIO,23/OCT/2022,03Hs,3.3,19,9,0.0,-35.43 -60.88
NUEVE_DE_JULIO,23/OCT/2022,06Hs,2.8,55,10,0.0,-35.43 -60.88
NUEVE_DE_JULIO,23/OCT/2022,09Hs,11.7,56,18,0.0,-35.43 -60.88
NUEVE_DE_JULIO,23/OCT/2022,12Hs,19.4,29,19,0.0,-35.43 -60.88
NUEVE_DE_JULIO,23/OCT/2022,15Hs,23.5,27,18,0.0,-35.43 -60.88
NUEVE_DE_JULIO,23/OCT/2022,18Hs,23.5,31,19,0.0,-35.43 -60.88
NUEVE_DE_JULIO,23/OCT/2022,21Hs,14.6,59,19,0.0,-35.43 -60.88
OBERA_AERO,23/OCT/2022,00Hs,13.9,149,2,0.0,-27.48 -55.13
OBERA_AERO,23/OCT/2022,03Hs,12.8,125,2,0.0,-27.48 -55.13
OBERA_AERO,23/OCT/2022,06Hs,12.1,130,2,0.0,-27.48 -55.13
OBERA_AERO,23/OCT/2022,09Hs,19.7,151,6,0.0,-27.48 -55.13
OBERA_AERO,23/OCT/2022,12Hs,25.1,158,6,0.0,-27.48 -55.13
OBERA_AERO,23/OCT/2022,15Hs,26.2,163,8,0.0,-27.48 -55.13
OBERA_AERO,23/OCT/2022,18Hs,22.3,168,7,0.0,-27.48 -55.13
OBERA_AERO,23/OCT/2022,21Hs,15.5,159,5,0.0,-27.48 -55.13
OLAVARRIA_AERO,23/OCT/2022,00Hs,4.5,54,12,0.0,-36.88 -60.22
OLAVARRIA_AERO,23/OCT/2022,03Hs,2.2,30,10,0.0,-36.88 -60.22
OLAVARRIA_AERO,23/OCT/2022,06Hs,1.6,39,10,0.0,-36.88 -60.22
OLAVARRIA_AERO,23/OCT/2022,09Hs,10.4,32,16,0.0,-36.88 -60.22
OLAVARRIA_AERO,23/OCT/2022,12Hs,17.7,19,22,0.0,-36.88 -60.22
OLAVARRIA_AERO,23/OCT/2022,15Hs,21.1,13,22,0.0,-36.88 -60.22
OLAVARRIA_AERO,23/OCT/2022,18Hs,20.8,19,22,0.0,-36.88 -60.22
OLAVARRIA_AERO,23/OCT/2022,21Hs,13.4,58,15,0.0,-36.88 -60.22
ORAN_AERO,23/OCT/2022,00Hs,22.4,216,4,0.0,-23.15 -64.33
ORAN_AERO,23/OCT/2022,03Hs,21.7,180,3,0.0,-23.15 -64.33
ORAN_AERO,23/OCT/2022,06Hs,20.0,174,2,0.0,-23.15 -64.33
ORAN_AERO,23/OCT/2022,09Hs,23.7,146,6,0.0,-23.15 -64.33
ORAN_AERO,23/OCT/2022,12Hs,30.8,117,5,0.0,-23.15 -64.33
ORAN_AERO,23/OCT/2022,15Hs,33.6,82,8,0.0,-23.15 -64.33
ORAN_AERO,23/OCT/2022,18Hs,31.9,60,11,0.0,-23.15 -64.33
ORAN_AERO,23/OCT/2022,21Hs,24.0,52,5,0.0,-23.15 -64.33
PARANA_AERO,23/OCT/2022,00Hs,6.9,115,11,0.0,-31.78 -60.48
PARANA_AERO,23/OCT/2022,03Hs,5.9,113,10,0.0,-31.78 -60.48
PARANA_AERO,23/OCT/2022,06Hs,5.7,111,11,0.0,-31.78 -60.48
PARANA_AERO,23/OCT/2022,09Hs,13.6,95,18,0.0,-31.78 -60.48
PARANA_AERO,23/OCT/2022,12Hs,20.7,66,14,0.0,-31.78 -60.48
PARANA_AERO,23/OCT/2022,15Hs,24.7,54,14,0.0,-31.78 -60.48
PARANA_AERO,23/OCT/2022,18Hs,23.8,56,18,0.0,-31.78 -60.48
PARANA_AERO,23/OCT/2022,21Hs,15.5,64,16,0.0,-31.78 -60.48
PASO_DE_INDIOS,23/OCT/2022,00Hs,15.9,325,15,0.0,-43.7 -69.05
PASO_DE_INDIOS,23/OCT/2022,03Hs,15.6,304,28,0.0,-43.7 -69.05
PASO_DE_INDIOS,23/OCT/2022,06Hs,14.1,293,19,0.0,-43.7 -69.05
PASO_DE_INDIOS,23/OCT/2022,09Hs,15.7,289,17,0.0,-43.7 -69.05
PASO_DE_INDIOS,23/OCT/2022,12Hs,19.6,282,23,0.0,-43.7 -69.05
PASO_DE_INDIOS,23/OCT/2022,15Hs,21.0,281,34,0.0,-43.7 -69.05
PASO_DE_INDIOS,23/OCT/2022,18Hs,19.3,277,36,0.0,-43.7 -69.05
PASO_DE_INDIOS,23/OCT/2022,21Hs,15.9,267,24,0.0,-43.7 -69.05
PASO_DE_LOS_LIBRES_AERO,23/OCT/2022,00Hs,13.7,170,21,0.0,-43.7 -69.05
PASO_DE_LOS_LIBRES_AERO,23/OCT/2022,03Hs,10.9,174,15,0.0,-43.7 -69.05
PASO_DE_LOS_LIBRES_AERO,23/OCT/2022,06Hs,9.0,162,14,0.0,-43.7 -69.05
PASO_DE_LOS_LIBRES_AERO,23/OCT/2022,09Hs,14.6,139,18,0.0,-43.7 -69.05
PASO_DE_LOS_LIBRES_AERO,23/OCT/2022,12Hs,20.6,146,12,0.0,-43.7 -69.05
PASO_DE_LOS_LIBRES_AERO,23/OCT/2022,15Hs,23.4,158,12,0.0,-43.7 -69.05
PASO_DE_LOS_LIBRES_AERO,23/OCT/2022,18Hs,21.3,147,12,0.0,-43.7 -69.05
PASO_DE_LOS_LIBRES_AERO,23/OCT/2022,21Hs,15.4,114,16,0.0,-43.7 -69.05
PCIA._ROQUE_SAENZ_PEÑA_AERO,23/OCT/2022,00Hs,19.1,143,12,0.0,None
PCIA._ROQUE_SAENZ_PEÑA_AERO,23/OCT/2022,03Hs,16.6,174,9,0.0,None
PCIA._ROQUE_SAENZ_PEÑA_AERO,23/OCT/2022,06Hs,14.9,147,9,0.0,None
PCIA._ROQUE_SAENZ_PEÑA_AERO,23/OCT/2022,09Hs,20.8,105,13,0.0,None
PCIA._ROQUE_SAENZ_PEÑA_AERO,23/OCT/2022,12Hs,28.1,83,10,0.0,None
PCIA._ROQUE_SAENZ_PEÑA_AERO,23/OCT/2022,15Hs,31.5,85,10,0.0,None
PCIA._ROQUE_SAENZ_PEÑA_AERO,23/OCT/2022,18Hs,29.3,96,12,0.0,None
PCIA._ROQUE_SAENZ_PEÑA_AERO,23/OCT/2022,21Hs,24.1,96,16,0.0,None
PEHUAJO_AERO,23/OCT/2022,00Hs,4.8,14,13,0.0,-35.83 -61.87
PEHUAJO_AERO,23/OCT/2022,03Hs,3.3,24,12,0.0,-35.83 -61.87
PEHUAJO_AERO,23/OCT/2022,06Hs,2.7,38,12,0.0,-35.83 -61.87
PEHUAJO_AERO,23/OCT/2022,09Hs,12.1,32,20,0.0,-35.83 -61.87
PEHUAJO_AERO,23/OCT/2022,12Hs,19.7,24,20,0.0,-35.83 -61.87
PEHUAJO_AERO,23/OCT/2022,15Hs,24.3,21,21,0.0,-35.83 -61.87
PEHUAJO_AERO,23/OCT/2022,18Hs,24.4,29,22,0.0,-35.83 -61.87
PEHUAJO_AERO,23/OCT/2022,21Hs,15.3,41,16,0.0,-35.83 -61.87
PERITO_MORENO_AERO,23/OCT/2022,00Hs,6.7,296,26,0.0,-46.53 -70.98
PERITO_MORENO_AERO,23/OCT/2022,03Hs,6.8,307,26,0.0,-46.53 -70.98
PERITO_MORENO_AERO,23/OCT/2022,06Hs,5.8,305,18,0.0,-46.53 -70.98
PERITO_MORENO_AERO,23/OCT/2022,09Hs,7.5,290,22,0.0,-46.53 -70.98
PERITO_MORENO_AERO,23/OCT/2022,12Hs,10.8,274,27,0.0,-46.53 -70.98
PERITO_MORENO_AERO,23/OCT/2022,15Hs,12.9,277,30,0.0,-46.53 -70.98
PERITO_MORENO_AERO,23/OCT/2022,18Hs,10.1,292,27,0.0,-46.53 -70.98
PERITO_MORENO_AERO,23/OCT/2022,21Hs,7.1,298,24,0.0,-46.53 -70.98
PIGUE_AERO,23/OCT/2022,00Hs,4.3,33,16,0.0,-37.6 -62.38
PIGUE_AERO,23/OCT/2022,03Hs,2.3,23,17,0.0,-37.6 -62.38
PIGUE_AERO,23/OCT/2022,06Hs,1.5,27,18,0.0,-37.6 -62.38
PIGUE_AERO,23/OCT/2022,09Hs,9.3,19,32,0.0,-37.6 -62.38
PIGUE_AERO,23/OCT/2022,12Hs,17.0,5,33,0.0,-37.6 -62.38
PIGUE_AERO,23/OCT/2022,15Hs,21.8,357,29,0.0,-37.6 -62.38
PIGUE_AERO,23/OCT/2022,18Hs,21.5,357,22,0.0,-37.6 -62.38
PIGUE_AERO,23/OCT/2022,21Hs,14.2,34,18,0.0,-37.6 -62.38
PILAR_OBS,23/OCT/2022,00Hs,10.7,42,7,0.0,-31.67 -63.88
PILAR_OBS,23/OCT/2022,03Hs,9.6,31,8,0.0,-31.67 -63.88
PILAR_OBS,23/OCT/2022,06Hs,8.4,38,10,0.0,-31.67 -63.88
PILAR_OBS,23/OCT/2022,09Hs,12.9,27,17,0.0,-31.67 -63.88
PILAR_OBS,23/OCT/2022,12Hs,19.6,25,20,0.0,-31.67 -63.88
PILAR_OBS,23/OCT/2022,15Hs,24.2,25,22,0.0,-31.67 -63.88
PILAR_OBS,23/OCT/2022,18Hs,23.8,32,25,0.0,-31.67 -63.88
PILAR_OBS,23/OCT/2022,21Hs,18.2,38,20,0.0,-31.67 -63.88
POSADAS_AERO,23/OCT/2022,00Hs,14.7,147,4,0.0,-27.38 -55.97
POSADAS_AERO,23/OCT/2022,03Hs,13.7,138,3,0.0,-27.38 -55.97
POSADAS_AERO,23/OCT/2022,06Hs,13.1,180,4,0.0,-27.38 -55.97
POSADAS_AERO,23/OCT/2022,09Hs,21.1,145,6,0.0,-27.38 -55.97
POSADAS_AERO,23/OCT/2022,12Hs,27.3,197,6,0.0,-27.38 -55.97
POSADAS_AERO,23/OCT/2022,15Hs,27.8,225,9,0.0,-27.38 -55.97
POSADAS_AERO,23/OCT/2022,18Hs,23.9,197,8,0.0,-27.38 -55.97
POSADAS_AERO,23/OCT/2022,21Hs,18.0,157,9,0.0,-27.38 -55.97
PUERTO_DESEADO_AERO,23/OCT/2022,00Hs,11.6,338,24,0.0,-42.75 -65.1
PUERTO_DESEADO_AERO,23/OCT/2022,03Hs,11.1,325,23,0.0,-42.75 -65.1
PUERTO_DESEADO_AERO,23/OCT/2022,06Hs,10.1,315,30,0.0,-42.75 -65.1
PUERTO_DESEADO_AERO,23/OCT/2022,09Hs,14.0,310,39,0.0,-42.75 -65.1
PUERTO_DESEADO_AERO,23/OCT/2022,12Hs,18.9,307,32,0.0,-42.75 -65.1
PUERTO_DESEADO_AERO,23/OCT/2022,15Hs,22.5,283,25,0.0,-42.75 -65.1
PUERTO_DESEADO_AERO,23/OCT/2022,18Hs,22.0,299,20,0.0,-42.75 -65.1
PUERTO_DESEADO_AERO,23/OCT/2022,21Hs,18.6,293,34,0.0,-42.75 -65.1
PUERTO_MADRYN_AERO,23/OCT/2022,00Hs,16.1,346,42,0.0,-42.75 -65.1
PUERTO_MADRYN_AERO,23/OCT/2022,03Hs,14.4,346,41,0.0,-42.75 -65.1
PUERTO_MADRYN_AERO,23/OCT/2022,06Hs,13.6,340,34,0.0,-42.75 -65.1
PUERTO_MADRYN_AERO,23/OCT/2022,09Hs,18.0,328,33,0.0,-42.75 -65.1
PUERTO_MADRYN_AERO,23/OCT/2022,12Hs,24.5,291,36,0.0,-42.75 -65.1
PUERTO_MADRYN_AERO,23/OCT/2022,15Hs,28.2,296,35,0.0,-42.75 -65.1
PUERTO_MADRYN_AERO,23/OCT/2022,18Hs,27.9,285,39,0.0,-42.75 -65.1
PUERTO_MADRYN_AERO,23/OCT/2022,21Hs,22.7,277,28,0.0,-42.75 -65.1
PUNTA_INDIO_B.A,23/OCT/2022,00Hs,5.2,158,10,0.0,-35.35 -57.3
PUNTA_INDIO_B.A,23/OCT/2022,03Hs,6.5,166,9,0.0,-35.35 -57.3
PUNTA_INDIO_B.A,23/OCT/2022,06Hs,7.8,174,9,0.0,-35.35 -57.3
PUNTA_INDIO_B.A,23/OCT/2022,09Hs,11.2,136,12,0.0,-35.35 -57.3
PUNTA_INDIO_B.A,23/OCT/2022,12Hs,15.4,77,14,0.0,-35.35 -57.3
PUNTA_INDIO_B.A,23/OCT/2022,15Hs,19.0,83,20,0.0,-35.35 -57.3
PUNTA_INDIO_B.A,23/OCT/2022,18Hs,15.1,82,19,0.0,-35.35 -57.3
PUNTA_INDIO_B.A,23/OCT/2022,21Hs,9.6,80,13,0.0,-35.35 -57.3
RAFAELA_AERO,23/OCT/2022,00Hs,10.1,136,12,0.0,-31.28 -61.52
RAFAELA_AERO,23/OCT/2022,03Hs,8.7,120,14,0.0,-31.28 -61.52
RAFAELA_AERO,23/OCT/2022,06Hs,7.5,99,12,0.0,-31.28 -61.52
RAFAELA_AERO,23/OCT/2022,09Hs,13.9,82,17,0.0,-31.28 -61.52
RAFAELA_AERO,23/OCT/2022,12Hs,21.1,58,14,0.0,-31.28 -61.52
RAFAELA_AERO,23/OCT/2022,15Hs,24.5,43,14,0.0,-31.28 -61.52
RAFAELA_AERO,23/OCT/2022,18Hs,24.1,48,17,0.0,-31.28 -61.52
RAFAELA_AERO,23/OCT/2022,21Hs,17.2,40,13,0.0,-31.28 -61.52
RECONQUISTA_AERO,23/OCT/2022,00Hs,15.4,144,12,0.0,-29.2 -59.7
RECONQUISTA_AERO,23/OCT/2022,03Hs,13.4,149,13,0.0,-29.2 -59.7
RECONQUISTA_AERO,23/OCT/2022,06Hs,12.4,136,11,0.0,-29.2 -59.7
RECONQUISTA_AERO,23/OCT/2022,09Hs,16.5,117,13,0.0,-29.2 -59.7
RECONQUISTA_AERO,23/OCT/2022,12Hs,23.2,106,10,0.0,-29.2 -59.7
RECONQUISTA_AERO,23/OCT/2022,15Hs,26.3,115,11,0.0,-29.2 -59.7
RECONQUISTA_AERO,23/OCT/2022,18Hs,24.9,117,11,0.0,-29.2 -59.7
RECONQUISTA_AERO,23/OCT/2022,21Hs,18.4,101,10,0.0,-29.2 -59.7
RESISTENCIA_AERO,23/OCT/2022,00Hs,17.8,155,9,0.0,-27.43 -59.05
RESISTENCIA_AERO,23/OCT/2022,03Hs,16.1,143,13,0.0,-27.43 -59.05
RESISTENCIA_AERO,23/OCT/2022,06Hs,14.2,154,11,0.0,-27.43 -59.05
RESISTENCIA_AERO,23/OCT/2022,09Hs,18.8,123,14,0.0,-27.43 -59.05
RESISTENCIA_AERO,23/OCT/2022,12Hs,25.2,112,10,0.0,-27.43 -59.05
RESISTENCIA_AERO,23/OCT/2022,15Hs,28.4,107,10,0.0,-27.43 -59.05
RESISTENCIA_AERO,23/OCT/2022,18Hs,26.5,107,13,0.0,-27.43 -59.05
RESISTENCIA_AERO,23/OCT/2022,21Hs,19.8,115,10,0.0,-27.43 -59.05
RIO_COLORADO,23/OCT/2022,00Hs,7.5,13,17,0.0,-34.58 -58.48
RIO_COLORADO,23/OCT/2022,03Hs,6.5,359,21,0.0,-34.58 -58.48
RIO_COLORADO,23/OCT/2022,06Hs,5.4,7,22,0.0,-34.58 -58.48
RIO_COLORADO,23/OCT/2022,09Hs,11.7,359,34,0.0,-34.58 -58.48
RIO_COLORADO,23/OCT/2022,12Hs,18.4,354,35,0.0,-34.58 -58.48
RIO_COLORADO,23/OCT/2022,15Hs,23.6,345,31,0.0,-34.58 -58.48
RIO_COLORADO,23/OCT/2022,18Hs,24.3,343,28,0.0,-34.58 -58.48
RIO_COLORADO,23/OCT/2022,21Hs,17.3,23,19,0.0,-34.58 -58.48
RIO_CUARTO_AERO,23/OCT/2022,00Hs,8.7,32,13,0.0,-34.58 -58.48
RIO_CUARTO_AERO,23/OCT/2022,03Hs,7.7,36,15,0.0,-34.58 -58.48
RIO_CUARTO_AERO,23/OCT/2022,06Hs,7.4,30,17,0.0,-34.58 -58.48
RIO_CUARTO_AERO,23/OCT/2022,09Hs,12.9,21,28,0.0,-34.58 -58.48
RIO_CUARTO_AERO,23/OCT/2022,12Hs,19.8,25,29,0.0,-34.58 -58.48
RIO_CUARTO_AERO,23/OCT/2022,15Hs,23.7,29,27,0.0,-34.58 -58.48
RIO_CUARTO_AERO,23/OCT/2022,18Hs,23.5,35,25,0.0,-34.58 -58.48
RIO_CUARTO_AERO,23/OCT/2022,21Hs,18.3,34,22,0.0,-34.58 -58.48
RIO_GALLEGOS_AERO,23/OCT/2022,00Hs,8.1,135,9,0.0,-34.58 -58.48
RIO_GALLEGOS_AERO,23/OCT/2022,03Hs,7.4,29,5,0.0,-34.58 -58.48
RIO_GALLEGOS_AERO,23/OCT/2022,06Hs,6.5,105,5,0.0,-34.58 -58.48
RIO_GALLEGOS_AERO,23/OCT/2022,09Hs,9.5,245,5,0.0,-34.58 -58.48
RIO_GALLEGOS_AERO,23/OCT/2022,12Hs,13.2,268,10,0.0,-34.58 -58.48
RIO_GALLEGOS_AERO,23/OCT/2022,15Hs,15.5,303,13,0.8,-34.58 -58.48
RIO_GALLEGOS_AERO,23/OCT/2022,18Hs,13.5,253,16,1.1,-34.58 -58.48
RIO_GALLEGOS_AERO,23/OCT/2022,21Hs,9.3,243,23,0.0,-34.58 -58.48
RIO_GRANDE_B.A.,23/OCT/2022,00Hs,5.4,335,23,0.0,-34.58 -58.48
RIO_GRANDE_B.A.,23/OCT/2022,03Hs,5.6,297,25,0.0,-34.58 -58.48
RIO_GRANDE_B.A.,23/OCT/2022,06Hs,6.0,298,29,0.0,-34.58 -58.48
RIO_GRANDE_B.A.,23/OCT/2022,09Hs,7.2,279,34,0.7,-34.58 -58.48
RIO_GRANDE_B.A.,23/OCT/2022,12Hs,9.2,294,34,0.1,-34.58 -58.48
RIO_GRANDE_B.A.,23/OCT/2022,15Hs,10.6,282,38,0.0,-34.58 -58.48
RIO_GRANDE_B.A.,23/OCT/2022,18Hs,9.1,279,34,0.0,-34.58 -58.48
RIO_GRANDE_B.A.,23/OCT/2022,21Hs,7.2,271,30,0.0,-34.58 -58.48
RIVADAVIA,23/OCT/2022,00Hs,25.9,170,18,0.0,-45.8 -67.47
RIVADAVIA,23/OCT/2022,03Hs,23.4,163,14,0.0,-45.8 -67.47
RIVADAVIA,23/OCT/2022,06Hs,19.8,147,10,0.0,-45.8 -67.47
RIVADAVIA,23/OCT/2022,09Hs,22.5,107,12,0.0,-45.8 -67.47
RIVADAVIA,23/OCT/2022,12Hs,29.2,36,14,0.0,-45.8 -67.47
RIVADAVIA,23/OCT/2022,15Hs,32.9,40,15,0.0,-45.8 -67.47
RIVADAVIA,23/OCT/2022,18Hs,32.9,43,18,0.0,-45.8 -67.47
RIVADAVIA,23/OCT/2022,21Hs,27.1,47,10,0.0,-45.8 -67.47
ROSARIO_AERO,23/OCT/2022,00Hs,7.8,111,11,0.0,-32.9 -60.78
ROSARIO_AERO,23/OCT/2022,03Hs,6.4,85,9,0.0,-32.9 -60.78
ROSARIO_AERO,23/OCT/2022,06Hs,5.5,93,10,0.0,-32.9 -60.78
ROSARIO_AERO,23/OCT/2022,09Hs,13.3,70,15,0.0,-32.9 -60.78
ROSARIO_AERO,23/OCT/2022,12Hs,20.2,47,15,0.0,-32.9 -60.78
ROSARIO_AERO,23/OCT/2022,15Hs,24.7,42,14,0.0,-32.9 -60.78
ROSARIO_AERO,23/OCT/2022,18Hs,24.6,48,16,0.0,-32.9 -60.78
ROSARIO_AERO,23/OCT/2022,21Hs,16.6,69,14,0.0,-32.9 -60.78
SALTA_AERO,23/OCT/2022,00Hs,16.6,175,4,0.0,-24.85 -65.48
SALTA_AERO,23/OCT/2022,03Hs,15.7,140,4,0.0,-24.85 -65.48
SALTA_AERO,23/OCT/2022,06Hs,15.1,159,3,0.0,-24.85 -65.48
SALTA_AERO,23/OCT/2022,09Hs,16.3,119,6,0.0,-24.85 -65.48
SALTA_AERO,23/OCT/2022,12Hs,22.3,52,12,0.0,-24.85 -65.48
SALTA_AERO,23/OCT/2022,15Hs,26.5,58,16,0.0,-24.85 -65.48
SALTA_AERO,23/OCT/2022,18Hs,25.6,51,19,0.0,-24.85 -65.48
SALTA_AERO,23/OCT/2022,21Hs,18.9,351,6,0.0,-24.85 -65.48
SANTA_CRUZ_AERO,23/OCT/2022,00Hs,12.4,300,29,0.0,-36.6 -64.28
SANTA_CRUZ_AERO,23/OCT/2022,03Hs,10.8,319,23,0.0,-36.6 -64.28
SANTA_CRUZ_AERO,23/OCT/2022,06Hs,9.8,324,19,0.0,-36.6 -64.28
SANTA_CRUZ_AERO,23/OCT/2022,09Hs,11.7,313,29,0.0,-36.6 -64.28
SANTA_CRUZ_AERO,23/OCT/2022,12Hs,15.0,252,14,0.0,-36.6 -64.28
SANTA_CRUZ_AERO,23/OCT/2022,15Hs,16.1,286,12,0.0,-36.6 -64.28
SANTA_CRUZ_AERO,23/OCT/2022,18Hs,16.1,282,9,0.0,-36.6 -64.28
SANTA_CRUZ_AERO,23/OCT/2022,21Hs,9.7,157,16,0.0,-36.6 -64.28
SANTA_ROSA_AERO,23/OCT/2022,00Hs,5.9,19,17,0.0,-36.6 -64.28
SANTA_ROSA_AERO,23/OCT/2022,03Hs,5.4,13,19,0.0,-36.6 -64.28
SANTA_ROSA_AERO,23/OCT/2022,06Hs,3.7,18,18,0.0,-36.6 -64.28
SANTA_ROSA_AERO,23/OCT/2022,09Hs,10.6,20,28,0.0,-36.6 -64.28
SANTA_ROSA_AERO,23/OCT/2022,12Hs,19.8,9,31,0.0,-36.6 -64.28
SANTA_ROSA_AERO,23/OCT/2022,15Hs,25.6,4,27,0.0,-36.6 -64.28
SANTA_ROSA_AERO,23/OCT/2022,18Hs,26.0,6,26,0.0,-36.6 -64.28
SANTA_ROSA_AERO,23/OCT/2022,21Hs,18.2,30,18,0.0,-36.6 -64.28
SANTA_ROSA_DE_CONLARA_AERO,23/OCT/2022,00Hs,12.6,40,15,0.0,-36.6 -64.28
SANTA_ROSA_DE_CONLARA_AERO,23/OCT/2022,03Hs,11.7,9,11,0.0,-36.6 -64.28
SANTA_ROSA_DE_CONLARA_AERO,23/OCT/2022,06Hs,10.8,353,10,0.0,-36.6 -64.28
SANTA_ROSA_DE_CONLARA_AERO,23/OCT/2022,09Hs,14.4,358,18,0.0,-36.6 -64.28
SANTA_ROSA_DE_CONLARA_AERO,23/OCT/2022,12Hs,20.3,358,27,0.0,-36.6 -64.28
SANTA_ROSA_DE_CONLARA_AERO,23/OCT/2022,15Hs,23.5,355,26,0.0,-36.6 -64.28
SANTA_ROSA_DE_CONLARA_AERO,23/OCT/2022,18Hs,24.7,330,24,0.0,-36.6 -64.28
SANTA_ROSA_DE_CONLARA_AERO,23/OCT/2022,21Hs,19.0,318,20,0.0,-36.6 -64.28
SANTA_TERESITA_AERO,23/OCT/2022,00Hs,11.9,132,27,0.0,-36.6 -64.28
SANTA_TERESITA_AERO,23/OCT/2022,03Hs,12.2,124,22,0.0,-36.6 -64.28
SANTA_TERESITA_AERO,23/OCT/2022,06Hs,12.4,120,20,0.0,-36.6 -64.28
SANTA_TERESITA_AERO,23/OCT/2022,09Hs,12.9,108,16,0.0,-36.6 -64.28
SANTA_TERESITA_AERO,23/OCT/2022,12Hs,13.5,96,18,0.0,-36.6 -64.28
SANTA_TERESITA_AERO,23/OCT/2022,15Hs,13.7,88,20,0.0,-36.6 -64.28
SANTA_TERESITA_AERO,23/OCT/2022,18Hs,13.9,77,26,0.0,-36.6 -64.28
SANTA_TERESITA_AERO,23/OCT/2022,21Hs,14.0,61,29,0.0,-36.6 -64.28
SANTIAGO_DEL_ESTERO_AERO,23/OCT/2022,00Hs,16.6,124,16,0.0,-27.75 -64.3
SANTIAGO_DEL_ESTERO_AERO,23/OCT/2022,03Hs,14.2,144,10,0.0,-27.75 -64.3
SANTIAGO_DEL_ESTERO_AERO,23/OCT/2022,06Hs,14.9,156,8,0.0,-27.75 -64.3
SANTIAGO_DEL_ESTERO_AERO,23/OCT/2022,09Hs,16.4,130,10,0.0,-27.75 -64.3
SANTIAGO_DEL_ESTERO_AERO,23/OCT/2022,12Hs,21.2,82,9,0.0,-27.75 -64.3
SANTIAGO_DEL_ESTERO_AERO,23/OCT/2022,15Hs,26.7,9,12,0.0,-27.75 -64.3
SANTIAGO_DEL_ESTERO_AERO,23/OCT/2022,18Hs,29.0,55,15,0.0,-27.75 -64.3
SANTIAGO_DEL_ESTERO_AERO,23/OCT/2022,21Hs,23.8,94,16,0.0,-27.75 -64.3
SAN_ANTONIO_OESTE_AERO,23/OCT/2022,00Hs,13.8,359,33,0.0,-68.13 -67.1
SAN_ANTONIO_OESTE_AERO,23/OCT/2022,03Hs,12.6,354,36,0.0,-68.13 -67.1
SAN_ANTONIO_OESTE_AERO,23/OCT/2022,06Hs,11.5,350,34,0.0,-68.13 -67.1
SAN_ANTONIO_OESTE_AERO,23/OCT/2022,09Hs,13.8,341,36,0.0,-68.13 -67.1
SAN_ANTONIO_OESTE_AERO,23/OCT/2022,12Hs,19.4,338,40,0.0,-68.13 -67.1
SAN_ANTONIO_OESTE_AERO,23/OCT/2022,15Hs,23.6,332,37,0.0,-68.13 -67.1
SAN_ANTONIO_OESTE_AERO,23/OCT/2022,18Hs,25.1,328,34,0.0,-68.13 -67.1
SAN_ANTONIO_OESTE_AERO,23/OCT/2022,21Hs,21.6,358,27,0.0,-68.13 -67.1
SAN_CARLOS_(MZA),23/OCT/2022,00Hs,12.5,19,13,0.0,-68.13 -67.1
SAN_CARLOS_(MZA),23/OCT/2022,03Hs,11.2,28,9,0.0,-68.13 -67.1
SAN_CARLOS_(MZA),23/OCT/2022,06Hs,10.1,36,7,0.0,-68.13 -67.1
SAN_CARLOS_(MZA),23/OCT/2022,09Hs,13.3,17,10,0.0,-68.13 -67.1
SAN_CARLOS_(MZA),23/OCT/2022,12Hs,18.3,20,16,0.0,-68.13 -67.1
SAN_CARLOS_(MZA),23/OCT/2022,15Hs,22.7,25,18,0.0,-68.13 -67.1
SAN_CARLOS_(MZA),23/OCT/2022,18Hs,23.7,25,17,0.0,-68.13 -67.1
SAN_CARLOS_(MZA),23/OCT/2022,21Hs,20.6,20,12,0.0,-68.13 -67.1
SAN_FERNANDO,23/OCT/2022,00Hs,7.8,182,5,0.0,-68.13 -67.1
SAN_FERNANDO,23/OCT/2022,03Hs,6.7,182,5,0.0,-68.13 -67.1
SAN_FERNANDO,23/OCT/2022,06Hs,8.7,174,6,0.0,-68.13 -67.1
SAN_FERNANDO,23/OCT/2022,09Hs,13.6,117,7,0.0,-68.13 -67.1
SAN_FERNANDO,23/OCT/2022,12Hs,19.6,88,11,0.0,-68.13 -67.1
SAN_FERNANDO,23/OCT/2022,15Hs,21.4,100,14,0.0,-68.13 -67.1
SAN_FERNANDO,23/OCT/2022,18Hs,16.3,107,13,0.0,-68.13 -67.1
SAN_FERNANDO,23/OCT/2022,21Hs,13.1,108,12,0.0,-68.13 -67.1
SAN_JUAN_AERO,23/OCT/2022,00Hs,16.6,55,9,0.0,-68.13 -67.1
SAN_JUAN_AERO,23/OCT/2022,03Hs,15.5,66,10,0.0,-68.13 -67.1
SAN_JUAN_AERO,23/OCT/2022,06Hs,14.3,46,6,0.0,-68.13 -67.1
SAN_JUAN_AERO,23/OCT/2022,09Hs,17.1,257,2,0.0,-68.13 -67.1
SAN_JUAN_AERO,23/OCT/2022,12Hs,20.7,137,3,0.0,-68.13 -67.1
SAN_JUAN_AERO,23/OCT/2022,15Hs,24.3,98,7,0.0,-68.13 -67.1
SAN_JUAN_AERO,23/OCT/2022,18Hs,26.5,165,4,0.0,-68.13 -67.1
SAN_JUAN_AERO,23/OCT/2022,21Hs,24.7,71,9,0.0,-68.13 -67.1
SAN_JULIAN_AERO,23/OCT/2022,00Hs,13.8,317,13,0.0,-68.13 -67.1
SAN_JULIAN_AERO,23/OCT/2022,03Hs,12.6,310,11,0.0,-68.13 -67.1
SAN_JULIAN_AERO,23/OCT/2022,06Hs,10.5,304,12,0.0,-68.13 -67.1
SAN_JULIAN_AERO,23/OCT/2022,09Hs,14.8,315,18,0.0,-68.13 -67.1
SAN_JULIAN_AERO,23/OCT/2022,12Hs,20.0,280,41,0.0,-68.13 -67.1
SAN_JULIAN_AERO,23/OCT/2022,15Hs,22.0,272,45,0.0,-68.13 -67.1
SAN_JULIAN_AERO,23/OCT/2022,18Hs,20.8,261,37,0.0,-68.13 -67.1
SAN_JULIAN_AERO,23/OCT/2022,21Hs,17.2,249,15,0.0,-68.13 -67.1
SAN_LUIS_AERO,23/OCT/2022,00Hs,10.7,76,13,0.0,-68.13 -67.1
SAN_LUIS_AERO,23/OCT/2022,03Hs,11.0,53,6,0.0,-68.13 -67.1
SAN_LUIS_AERO,23/OCT/2022,06Hs,10.5,63,5,0.0,-68.13 -67.1
SAN_LUIS_AERO,23/OCT/2022,09Hs,15.7,93,2,0.0,-68.13 -67.1
SAN_LUIS_AERO,23/OCT/2022,12Hs,21.4,106,3,0.0,-68.13 -67.1
SAN_LUIS_AERO,23/OCT/2022,15Hs,25.2,315,9,0.0,-68.13 -67.1
SAN_LUIS_AERO,23/OCT/2022,18Hs,25.3,300,21,0.0,-68.13 -67.1
SAN_LUIS_AERO,23/OCT/2022,21Hs,19.0,317,10,0.0,-68.13 -67.1
SAN_MARTIN_(MZA),23/OCT/2022,00Hs,14.4,345,11,0.0,-68.13 -67.1
SAN_MARTIN_(MZA),23/OCT/2022,03Hs,13.1,7,7,0.0,-68.13 -67.1
SAN_MARTIN_(MZA),23/OCT/2022,06Hs,11.9,50,6,0.0,-68.13 -67.1
SAN_MARTIN_(MZA),23/OCT/2022,09Hs,15.5,48,3,0.0,-68.13 -67.1
SAN_MARTIN_(MZA),23/OCT/2022,12Hs,20.8,24,13,0.0,-68.13 -67.1
SAN_MARTIN_(MZA),23/OCT/2022,15Hs,24.7,20,15,0.0,-68.13 -67.1
SAN_MARTIN_(MZA),23/OCT/2022,18Hs,25.9,18,12,0.0,-68.13 -67.1
SAN_MARTIN_(MZA),23/OCT/2022,21Hs,21.7,311,5,0.0,-68.13 -67.1
SAN_MIGUEL,23/OCT/2022,00Hs,7.8,134,6,0.0,-68.13 -67.1
SAN_MIGUEL,23/OCT/2022,03Hs,6.7,150,6,0.0,-68.13 -67.1
SAN_MIGUEL,23/OCT/2022,06Hs,5.8,153,7,0.0,-68.13 -67.1
SAN_MIGUEL,23/OCT/2022,09Hs,13.8,108,9,0.0,-68.13 -67.1
SAN_MIGUEL,23/OCT/2022,12Hs,19.4,54,15,0.0,-68.13 -67.1
SAN_MIGUEL,23/OCT/2022,15Hs,20.9,52,16,0.0,-68.13 -67.1
SAN_MIGUEL,23/OCT/2022,18Hs,18.1,67,16,0.0,-68.13 -67.1
SAN_MIGUEL,23/OCT/2022,21Hs,13.1,83,13,0.0,-68.13 -67.1
SAN_RAFAEL_AERO,23/OCT/2022,00Hs,12.5,316,8,0.0,-68.13 -67.1
SAN_RAFAEL_AERO,23/OCT/2022,03Hs,11.6,345,7,0.0,-68.13 -67.1
SAN_RAFAEL_AERO,23/OCT/2022,06Hs,11.1,309,10,0.0,-68.13 -67.1
SAN_RAFAEL_AERO,23/OCT/2022,09Hs,15.5,333,19,0.0,-68.13 -67.1
SAN_RAFAEL_AERO,23/OCT/2022,12Hs,20.9,353,27,0.0,-68.13 -67.1
SAN_RAFAEL_AERO,23/OCT/2022,15Hs,24.3,4,23,0.0,-68.13 -67.1
SAN_RAFAEL_AERO,23/OCT/2022,18Hs,25.2,10,17,0.0,-68.13 -67.1
SAN_RAFAEL_AERO,23/OCT/2022,21Hs,20.8,6,11,0.0,-68.13 -67.1
SAUCE_VIEJO_AERO,23/OCT/2022,00Hs,9.0,123,11,0.0,-31.7 -60.8
SAUCE_VIEJO_AERO,23/OCT/2022,03Hs,7.2,123,9,0.0,-31.7 -60.8
SAUCE_VIEJO_AERO,23/OCT/2022,06Hs,6.7,116,10,0.0,-31.7 -60.8
SAUCE_VIEJO_AERO,23/OCT/2022,09Hs,14.4,81,15,0.0,-31.7 -60.8
SAUCE_VIEJO_AERO,23/OCT/2022,12Hs,20.8,55,13,0.0,-31.7 -60.8
SAUCE_VIEJO_AERO,23/OCT/2022,15Hs,24.5,57,11,0.0,-31.7 -60.8
SAUCE_VIEJO_AERO,23/OCT/2022,18Hs,24.4,64,12,0.0,-31.7 -60.8
SAUCE_VIEJO_AERO,23/OCT/2022,21Hs,18.1,71,15,0.0,-31.7 -60.8
SUNCHALES_AERO,23/OCT/2022,00Hs,11.2,149,13,0.0,-30.95 -61.53
SUNCHALES_AERO,23/OCT/2022,03Hs,9.8,131,16,0.0,-30.95 -61.53
SUNCHALES_AERO,23/OCT/2022,06Hs,8.5,104,13,0.0,-30.95 -61.53
SUNCHALES_AERO,23/OCT/2022,09Hs,14.2,87,17,0.0,-30.95 -61.53
SUNCHALES_AERO,23/OCT/2022,12Hs,18.8,66,13,0.0,-30.95 -61.53
SUNCHALES_AERO,23/OCT/2022,15Hs,23.8,67,14,0.0,-30.95 -61.53
SUNCHALES_AERO,23/OCT/2022,18Hs,23.6,56,17,0.0,-30.95 -61.53
SUNCHALES_AERO,23/OCT/2022,21Hs,17.3,73,14,0.0,-30.95 -61.53
TANDIL_AERO,23/OCT/2022,00Hs,1.6,78,10,0.0,-37.23 -59.23
TANDIL_AERO,23/OCT/2022,03Hs,0.6,48,6,0.0,-37.23 -59.23
TANDIL_AERO,23/OCT/2022,06Hs,0.2,26,3,0.0,-37.23 -59.23
TANDIL_AERO,23/OCT/2022,09Hs,9.7,25,11,0.0,-37.23 -59.23
TANDIL_AERO,23/OCT/2022,12Hs,16.9,16,19,0.0,-37.23 -59.23
TANDIL_AERO,23/OCT/2022,15Hs,20.4,12,21,0.0,-37.23 -59.23
TANDIL_AERO,23/OCT/2022,18Hs,18.8,18,20,0.0,-37.23 -59.23
TANDIL_AERO,23/OCT/2022,21Hs,12.3,38,24,0.0,-37.23 -59.23
TARTAGAL_AERO,23/OCT/2022,00Hs,23.7,215,10,0.0,-22.62 -63.8
TARTAGAL_AERO,23/OCT/2022,03Hs,20.1,237,7,0.0,-22.62 -63.8
TARTAGAL_AERO,23/OCT/2022,06Hs,17.7,259,6,0.0,-22.62 -63.8
TARTAGAL_AERO,23/OCT/2022,09Hs,23.2,179,7,0.0,-22.62 -63.8
TARTAGAL_AERO,23/OCT/2022,12Hs,29.4,93,9,0.0,-22.62 -63.8
TARTAGAL_AERO,23/OCT/2022,15Hs,33.0,43,7,0.0,-22.62 -63.8
TARTAGAL_AERO,23/OCT/2022,18Hs,31.8,70,13,0.0,-22.62 -63.8
TARTAGAL_AERO,23/OCT/2022,21Hs,23.1,358,7,0.0,-22.62 -63.8
TERMAS_DE_RIO_HONDO_AERO,23/OCT/2022,00Hs,16.2,110,16,0.0,-27.5 -64.93
TERMAS_DE_RIO_HONDO_AERO,23/OCT/2022,03Hs,14.2,205,4,0.0,-27.5 -64.93
TERMAS_DE_RIO_HONDO_AERO,23/OCT/2022,06Hs,14.8,152,7,0.0,-27.5 -64.93
TERMAS_DE_RIO_HONDO_AERO,23/OCT/2022,09Hs,16.1,98,7,0.0,-27.5 -64.93
TERMAS_DE_RIO_HONDO_AERO,23/OCT/2022,12Hs,22.3,67,15,0.0,-27.5 -64.93
TERMAS_DE_RIO_HONDO_AERO,23/OCT/2022,15Hs,27.2,48,12,0.0,-27.5 -64.93
TERMAS_DE_RIO_HONDO_AERO,23/OCT/2022,18Hs,29.9,60,17,0.0,-27.5 -64.93
TERMAS_DE_RIO_HONDO_AERO,23/OCT/2022,21Hs,23.3,96,7,0.0,-27.5 -64.93
TINOGASTA,23/OCT/2022,00Hs,15.5,7,5,0.0,-28.07 -67.57
TINOGASTA,23/OCT/2022,03Hs,13.9,326,1,0.0,-28.07 -67.57
TINOGASTA,23/OCT/2022,06Hs,12.3,346,2,0.0,-28.07 -67.57
TINOGASTA,23/OCT/2022,09Hs,15.3,47,2,0.0,-28.07 -67.57
TINOGASTA,23/OCT/2022,12Hs,20.5,77,11,0.0,-28.07 -67.57
TINOGASTA,23/OCT/2022,15Hs,24.3,61,19,0.0,-28.07 -67.57
TINOGASTA,23/OCT/2022,18Hs,24.7,60,18,0.0,-28.07 -67.57
TINOGASTA,23/OCT/2022,21Hs,21.1,36,18,0.0,-28.07 -67.57
TRELEW_AERO,23/OCT/2022,00Hs,16.9,344,48,0.0,-43.22 -65.28
TRELEW_AERO,23/OCT/2022,03Hs,14.7,346,45,0.0,-43.22 -65.28
TRELEW_AERO,23/OCT/2022,06Hs,13.2,348,41,0.0,-43.22 -65.28
TRELEW_AERO,23/OCT/2022,09Hs,16.5,342,43,0.0,-43.22 -65.28
TRELEW_AERO,23/OCT/2022,12Hs,24.4,325,33,0.0,-43.22 -65.28
TRELEW_AERO,23/OCT/2022,15Hs,27.0,284,23,0.0,-43.22 -65.28
TRELEW_AERO,23/OCT/2022,18Hs,27.1,246,18,0.0,-43.22 -65.28
TRELEW_AERO,23/OCT/2022,21Hs,21.7,249,17,0.0,-43.22 -65.28
TRENQUE_LAUQUEN,23/OCT/2022,00Hs,5.8,23,15,0.0,-35.97 -62.73
TRENQUE_LAUQUEN,23/OCT/2022,03Hs,4.7,26,13,0.0,-35.97 -62.73
TRENQUE_LAUQUEN,23/OCT/2022,06Hs,2.9,34,13,0.0,-35.97 -62.73
TRENQUE_LAUQUEN,23/OCT/2022,09Hs,12.2,29,22,0.0,-35.97 -62.73
TRENQUE_LAUQUEN,23/OCT/2022,12Hs,19.8,19,21,0.0,-35.97 -62.73
TRENQUE_LAUQUEN,23/OCT/2022,15Hs,24.9,18,21,0.0,-35.97 -62.73
TRENQUE_LAUQUEN,23/OCT/2022,18Hs,24.9,22,22,0.0,-35.97 -62.73
TRENQUE_LAUQUEN,23/OCT/2022,21Hs,16.6,37,16,0.0,-35.97 -62.73
TRES_ARROYOS,23/OCT/2022,00Hs,1.9,38,14,0.0,-38.37 -60.28
TRES_ARROYOS,23/OCT/2022,03Hs,2.8,4,17,0.0,-38.37 -60.28
TRES_ARROYOS,23/OCT/2022,06Hs,1.6,357,15,0.0,-38.37 -60.28
TRES_ARROYOS,23/OCT/2022,09Hs,11.3,350,22,0.0,-38.37 -60.28
TRES_ARROYOS,23/OCT/2022,12Hs,18.8,357,26,0.0,-38.37 -60.28
TRES_ARROYOS,23/OCT/2022,15Hs,22.1,355,27,0.0,-38.37 -60.28
TRES_ARROYOS,23/OCT/2022,18Hs,21.4,352,22,0.0,-38.37 -60.28
TRES_ARROYOS,23/OCT/2022,21Hs,13.3,22,17,0.0,-38.37 -60.28
TUCUMAN_AERO,23/OCT/2022,00Hs,15.2,79,7,0.0,-26.83 -65.12
TUCUMAN_AERO,23/OCT/2022,03Hs,13.4,23,5,0.0,-26.83 -65.12
TUCUMAN_AERO,23/OCT/2022,06Hs,12.8,182,3,0.0,-26.83 -65.12
TUCUMAN_AERO,23/OCT/2022,09Hs,16.0,91,6,0.0,-26.83 -65.12
TUCUMAN_AERO,23/OCT/2022,12Hs,21.6,87,14,0.0,-26.83 -65.12
TUCUMAN_AERO,23/OCT/2022,15Hs,26.7,84,13,0.0,-26.83 -65.12
TUCUMAN_AERO,23/OCT/2022,18Hs,29.0,68,15,0.0,-26.83 -65.12
TUCUMAN_AERO,23/OCT/2022,21Hs,24.2,12,10,0.0,-26.83 -65.12
USHUAIA_AERO,23/OCT/2022,00Hs,2.9,345,17,0.0,-54.83 -68.3
USHUAIA_AERO,23/OCT/2022,03Hs,3.3,329,14,0.0,-54.83 -68.3
USHUAIA_AERO,23/OCT/2022,06Hs,3.2,328,13,0.0,-54.83 -68.3
USHUAIA_AERO,23/OCT/2022,09Hs,4.4,345,11,0.0,-54.83 -68.3
USHUAIA_AERO,23/OCT/2022,12Hs,5.9,346,10,0.1,-54.83 -68.3
USHUAIA_AERO,23/OCT/2022,15Hs,5.3,203,6,1.2,-54.83 -68.3
USHUAIA_AERO,23/OCT/2022,18Hs,6.4,318,3,0.2,-54.83 -68.3
USHUAIA_AERO,23/OCT/2022,21Hs,5.2,306,6,0.1,-54.83 -68.3
USPALLATA_AERO,23/OCT/2022,00Hs,6.2,12,7,0.0,-32.6 -69.33
USPALLATA_AERO,23/OCT/2022,03Hs,6.0,26,6,0.0,-32.6 -69.33
USPALLATA_AERO,23/OCT/2022,06Hs,5.3,37,2,0.0,-32.6 -69.33
USPALLATA_AERO,23/OCT/2022,09Hs,9.5,93,6,0.0,-32.6 -69.33
USPALLATA_AERO,23/OCT/2022,12Hs,12.6,83,13,0.0,-32.6 -69.33
USPALLATA_AERO,23/OCT/2022,15Hs,15.2,87,15,0.0,-32.6 -69.33
USPALLATA_AERO,23/OCT/2022,18Hs,16.2,98,12,0.0,-32.6 -69.33
USPALLATA_AERO,23/OCT/2022,21Hs,12.8,139,6,0.0,-32.6 -69.33
VENADO_TUERTO,23/OCT/2022,00Hs,6.4,92,12,0.0,-33.68 -61.97
VENADO_TUERTO,23/OCT/2022,03Hs,5.0,63,12,0.0,-33.68 -61.97
VENADO_TUERTO,23/OCT/2022,06Hs,4.5,62,12,0.0,-33.68 -61.97
VENADO_TUERTO,23/OCT/2022,09Hs,12.9,44,18,0.0,-33.68 -61.97
VENADO_TUERTO,23/OCT/2022,12Hs,20.3,27,18,0.0,-33.68 -61.97
VENADO_TUERTO,23/OCT/2022,15Hs,24.6,24,20,0.0,-33.68 -61.97
VENADO_TUERTO,23/OCT/2022,18Hs,24.2,30,21,0.0,-33.68 -61.97
VENADO_TUERTO,23/OCT/2022,21Hs,16.6,50,14,0.0,-33.68 -61.97
VICTORICA,23/OCT/2022,00Hs,8.9,33,28,0.0,-36.22 -65.43
VICTORICA,23/OCT/2022,03Hs,7.0,23,26,0.0,-36.22 -65.43
VICTORICA,23/OCT/2022,06Hs,6.2,32,27,0.0,-36.22 -65.43
VICTORICA,23/OCT/2022,09Hs,11.3,20,34,0.0,-36.22 -65.43
VICTORICA,23/OCT/2022,12Hs,21.0,7,34,0.0,-36.22 -65.43
VICTORICA,23/OCT/2022,15Hs,26.0,2,31,0.0,-36.22 -65.43
VICTORICA,23/OCT/2022,18Hs,26.0,6,27,0.0,-36.22 -65.43
VICTORICA,23/OCT/2022,21Hs,19.2,38,25,0.0,-36.22 -65.43
VIEDMA_AERO,23/OCT/2022,00Hs,8.3,5,26,0.0,-40.87 -63.0
VIEDMA_AERO,23/OCT/2022,03Hs,7.5,359,26,0.0,-40.87 -63.0
VIEDMA_AERO,23/OCT/2022,06Hs,7.8,353,27,0.0,-40.87 -63.0
VIEDMA_AERO,23/OCT/2022,09Hs,12.5,347,33,0.0,-40.87 -63.0
VIEDMA_AERO,23/OCT/2022,12Hs,18.2,343,36,0.0,-40.87 -63.0
VIEDMA_AERO,23/OCT/2022,15Hs,21.9,341,34,0.0,-40.87 -63.0
VIEDMA_AERO,23/OCT/2022,18Hs,22.4,338,31,0.0,-40.87 -63.0
VIEDMA_AERO,23/OCT/2022,21Hs,14.8,29,24,0.0,-40.87 -63.0
VILLA_DOLORES_AERO,23/OCT/2022,00Hs,13.4,43,10,0.0,-37.23 -57.02
VILLA_DOLORES_AERO,23/OCT/2022,03Hs,12.5,35,7,0.0,-37.23 -57.02
VILLA_DOLORES_AERO,23/OCT/2022,06Hs,10.6,313,3,0.0,-37.23 -57.02
VILLA_DOLORES_AERO,23/OCT/2022,09Hs,16.7,333,13,0.0,-37.23 -57.02
VILLA_DOLORES_AERO,23/OCT/2022,12Hs,22.6,336,20,0.0,-37.23 -57.02
VILLA_DOLORES_AERO,23/OCT/2022,15Hs,25.6,355,22,0.0,-37.23 -57.02
VILLA_DOLORES_AERO,23/OCT/2022,18Hs,24.9,352,24,0.0,-37.23 -57.02
VILLA_DOLORES_AERO,23/OCT/2022,21Hs,19.1,359,24,0.0,-37.23 -57.02
VILLA_GESELL_AERO,23/OCT/2022,00Hs,4.2,129,10,0.0,-37.23 -57.02
VILLA_GESELL_AERO,23/OCT/2022,03Hs,4.0,145,6,0.0,-37.23 -57.02
VILLA_GESELL_AERO,23/OCT/2022,06Hs,3.9,155,4,0.0,-37.23 -57.02
VILLA_GESELL_AERO,23/OCT/2022,09Hs,12.2,85,9,0.0,-37.23 -57.02
VILLA_GESELL_AERO,23/OCT/2022,12Hs,18.0,27,14,0.0,-37.23 -57.02
VILLA_GESELL_AERO,23/OCT/2022,15Hs,20.8,29,20,0.0,-37.23 -57.02
VILLA_GESELL_AERO,23/OCT/2022,18Hs,16.5,39,25,0.0,-37.23 -57.02
VILLA_GESELL_AERO,23/OCT/2022,21Hs,9.0,47,14,0.0,-37.23 -57.02
VILLA_MARIA_DEL_RIO_SECO,23/OCT/2022,00Hs,10.4,186,4,0.0,-37.23 -57.02
VILLA_MARIA_DEL_RIO_SECO,23/OCT/2022,03Hs,9.2,188,8,0.0,-37.23 -57.02
VILLA_MARIA_DEL_RIO_SECO,23/OCT/2022,06Hs,8.0,192,7,0.0,-37.23 -57.02
VILLA_MARIA_DEL_RIO_SECO,23/OCT/2022,09Hs,12.8,99,11,0.0,-37.23 -57.02
VILLA_MARIA_DEL_RIO_SECO,23/OCT/2022,12Hs,19.0,71,15,0.0,-37.23 -57.02
VILLA_MARIA_DEL_RIO_SECO,23/OCT/2022,15Hs,22.3,61,18,0.0,-37.23 -57.02
VILLA_MARIA_DEL_RIO_SECO,23/OCT/2022,18Hs,21.8,56,19,0.0,-37.23 -57.02
VILLA_MARIA_DEL_RIO_SECO,23/OCT/2022,21Hs,16.5,81,4,0.0,-37.23 -57.02
